feature_names,PC1,PC2,PC3,PC4,PC5,PC6,cluster
indie pop,0.12367648291471267,0.3842334917237931,-0.28473983490416105,0.4190773142589277,0.12983669062579573,-0.013405621079088896,2
modern indie folk,-0.003616011032154796,0.015238975635741865,-0.024307582958177382,0.004293809634386809,-0.026148843792019177,-0.002229263108619575,0
hyperpop,-0.007725947606067458,0.00483957668927122,0.005792078022421863,0.006196955141594808,0.013178143754289884,0.012722078485302287,0
hypnagogic pop,-0.008686764939634344,0.004955363776756806,0.00885689520365374,-0.0004993845095050531,0.01352245347437886,0.023015793352231827,0
art pop,0.17493228015059895,0.2712839485713092,0.18809014533042998,0.14520879633770067,0.435503901287575,0.47719278019910305,1
escape room,-0.0568044236371088,0.03580661684226112,0.06068189804745686,0.0028573524458127574,0.11754806980748186,0.06979638639816436,0
alternative r&b,-0.13702973839915478,-0.014833921717271081,0.08756937075480047,-0.19824784512099738,0.17201755340136668,0.12385672962747712,0
pop,-0.1436961508086133,0.04022014779055939,0.09304758316290201,0.2368858518341303,0.15094610175464865,-0.2788415887179359,2
social media pop,-0.0013468570678021449,0.00018774077514963696,0.00037874803999957845,-0.0003994059112591127,0.0014284865446119374,-8.773325805311498e-05,0
chillwave,-0.012799296911818867,0.02312817540745561,0.04818962162277601,0.02786446043948958,0.0178020437219198,0.02931542070778402,0
dance pop,-0.06600863764781828,-0.0026711344817502685,0.05630030335124301,0.07658454392568576,0.05143026647584827,-0.11047038197318612,2
alt z,-0.058429974299238366,0.07333192962913436,-0.030318371149952034,0.21781677574934666,0.04773987183682846,-0.15773044118936877,2
indietronica,0.06530273191565467,0.11399079270626633,0.3979484615802532,0.08938326447979862,0.12634712914573604,-0.08523705028675244,2
indie soul,-0.09424549860671556,0.0040928580780558235,0.09757016901744883,-0.11699644760867339,0.13784879301240263,0.12418562971706847,0
metropopolis,-0.03740575142758612,0.05296498951626869,0.13667106277890828,0.1644553730469174,0.1358579628638469,-0.035589186617975825,2
uk pop,-0.0369676881361572,0.026597738840058296,-0.0011982855147211447,0.08948202253305292,0.03246882497191598,-0.06907100570371838,2
candy pop,-0.011661745560922825,0.003430787337753756,0.007227786285166428,0.026806953569877424,0.010829742162529908,-0.009075891134593027,0
trip hop,-0.008495055001652537,0.0039234372278725265,0.030337107937460518,-0.003435000589199332,0.02101823247507788,0.03949817947707949,0
experimental r&b,-0.02092195860245725,0.005827040655300728,0.00846458736458052,-0.015986182189497072,0.02704487540079753,0.03122654596696107,0
afrofuturism,-0.04078764037242355,-0.00391011146488105,0.029965841895453385,-0.059841972009943865,0.05123027149112254,0.03728899616965998,0
experimental house,-0.0015517673672554113,0.00046814577324057427,0.0008899836400693144,-9.322495086185296e-05,0.002753296125577417,0.002908645732508483,0
transpop,0.00014348712183423376,0.0023779466726712014,0.0002321638662393593,0.002862982907972023,0.005588374041225932,0.00933399112271264,0
bedroom pop,-0.01574246464311047,0.05708293788227326,-0.05069878001721829,0.040109796674499515,-0.03318691821960141,0.013846243517493601,0
bubblegrunge,0.04001183507118362,0.17345051916423865,-0.1613810932977731,0.028637244842079614,-0.27780139990509595,0.22495597223533048,3
pov: indie,0.021770564519298628,0.124426410786078,-0.036874112127446027,0.14603326508516623,-0.09339846107699667,-0.04613607847257258,2
gen z singer-songwriter,-0.008334180494114721,0.00784657503764373,-0.009451490143247981,0.019964073031572903,-0.004567969089858594,-0.012836500818743346,0
experimental indie,-0.004718306387265882,0.00718733733697738,-0.000874245475764621,0.009168790400206378,0.004602642900141258,0.005452489168682806,0
shimmer psych,-0.0040355222053687,0.005869363404959503,0.004129978011499609,0.007023196352769139,0.008121326876318969,0.014272170930111062,0
experimental pop,0.0025944818052632927,0.026203411080636885,0.027026487183765678,0.010585426164913378,0.029120507767884073,0.07641421920269387,0
cloud rap,-0.000733121620531983,0.00030472022113489747,0.00011496521940450319,0.0012080108558314053,0.0007485603201024423,-0.00039055785361566837,0
proto-hyperpop,-0.0014465129249485518,0.001089022309474476,0.0006984205995529332,0.00035419626506547124,0.002243080971281075,0.004753824053464889,0
la pop,-0.019485340899290944,0.02555727117668461,0.0063277130771370645,0.038294043369996505,0.029940367373224093,-0.0037660268370083324,0
neo-synthpop,0.01713684281575568,0.03253667246160052,0.15774749148739506,0.04833796642522098,0.03743964074257856,-0.010310623558704308,2
grave wave,-0.003018387573036407,0.0013435152358918564,0.0069535779433201736,0.004851317540384115,0.004723817762217969,0.0031438368896348073,0
canadian electropop,-0.003784506046529086,0.0014505106748595507,0.004604149381653565,0.004480035746624003,0.004963176749490624,0.0011241523811590152,0
pop soul,-0.010521818697357329,-0.010612738345054816,0.0025750396575347475,-0.0019377416263830127,0.010715248962211162,-0.0005149891352832289,0
swedish synthpop,-0.002158192849384397,0.0009236573450949958,0.0018269600177815918,0.0016984953881041646,0.003313602459505658,-0.0020992599205562823,0
swedish electropop,-0.006258058521648134,0.0011910973323674935,0.007348562162168306,0.011446380089287968,0.007487381033595,-0.009963832041212085,0
gothenburg indie,0.0015125184412175408,0.0012115230451195313,-0.002075658691227722,-0.005218817925085939,0.003400085931583378,-0.009276454816694452,0
electronica,-0.007999891050376066,0.008122878800013578,0.07251202124244555,-0.0007824355509617468,0.017867651745606714,0.034425046469941226,0
downtempo,-0.006134937158597941,0.003376381936819883,0.01837319443743525,-0.0018876930495140562,0.013020636819522563,0.011234978400961073,0
scandinavian r&b,-0.0014299264260072989,-0.0008260949751155664,9.294666209958292e-05,0.0003227776716284197,0.0017618229282955892,0.002250941730403259,0
neo soul,-0.057272552512713217,-0.030583349225144905,0.023805724793220153,-0.09325409596653375,0.05037476054485529,0.024111131193881676,0
electropop,-0.026961949475758203,0.007537959934800525,0.03192238765324239,0.03460552101919343,0.03535179568790498,-0.031194764380613166,0
british soul,-0.008524644654903126,-0.012118751789732282,0.003584954656396952,-0.003222147813024868,0.014621560251400465,0.011962450037725753,0
uk contemporary r&b,-0.016867841598581873,0.003145599570410864,0.005051444870836537,-0.00816010455903927,0.01620714803795239,0.006139410764435253,0
bedroom soul,-0.01807271964653388,0.006637275526349869,-0.005220469377646463,-0.0027457214831360433,0.00467757243846317,0.005557031352989361,0
vapor pop,-0.002672313747507396,0.00048281611487777234,0.0032206535062308797,-0.0017678173149465323,0.0029473945594486292,0.0020377135432272557,0
spectra,-0.0003976993398131658,0.00501522199947536,0.0002646218776017408,0.0006656687318088148,0.00649964164381578,0.012729123347625092,0
gauze pop,-0.004496626035631263,0.0010080615219857931,0.007893441594129587,2.2599636048634356e-05,0.002706082976703118,-0.003605447150375628,0
boston folk,-0.003777792350970001,0.005147635702189456,-0.012009400400455538,0.012164053791157675,-0.004285993475759416,-0.013142746549245299,0
singer-songwriter pop,-0.007553118739556865,0.005407619500105369,-0.012263599315773943,0.018491969156506867,-0.0054232264558339745,-0.021859428510810037,0
modern alternative pop,-0.019029107201559016,0.023080566022010862,-0.010012043173429378,0.053000473994278395,0.007338058062962643,-0.0267188239800939,0
ontario indie,-0.00020406949777802892,-0.00043580284005494536,0.0007529862718058026,0.0008557707060583778,-0.004594324216019156,-0.002592708865104464,0
louisville indie,0.0039257205543885305,0.006190897714826098,-0.016664709988140826,-0.003930290036037521,-0.008843333500629687,-0.00026419511967061836,0
small room,0.06136325058893385,0.1221223181678253,-0.1785174321327762,-0.030957957153716267,-0.1391611603544849,0.08165122749129071,3
portland indie,0.014961938096863872,0.021915113516042046,-0.028611415375432842,-0.013165773194389144,-0.034639015230102044,0.007195924523777645,0
indie rock,0.48216786751470514,0.23535441649876956,0.23072991682059038,-0.13447452376871483,-0.0779072724813432,0.007233239035874274,4
dream pop,0.047622772295957225,0.03721222429670562,0.06288305482693025,-0.00668886847222961,-0.02144636371019953,0.1272939801462206,0
alternative rock,0.21794957872874623,-0.05304617040430432,0.2615712242783751,-0.06485330019904323,-0.30773697898262825,0.01499649562236708,4
modern dream pop,-0.00495664196223048,0.033780215880355166,0.014063842512609462,0.04581102392939613,-0.006416966282305485,0.02111945942959653,0
ethereal wave,0.0028312315074349643,0.00250018589171522,0.008646238161373037,0.0027930616624293634,-0.005577505209905025,0.023778534756023748,0
melancholia,0.13530993121495682,-0.03580367119585638,0.004017164886464606,-0.06199853762369177,0.0331600013883905,0.015533505959324501,0
chamber pop,0.4812388170461345,0.11435230679221473,-0.07539615386341358,-0.23682855325080618,0.23050801152416836,-0.213260723540274,4
post-rock,0.0010322769851232347,0.0006072870424394079,0.0029226427373080037,-0.0020105454795588304,-0.00020398802611309508,-0.0004429674345642724,0
nordic post-rock,0.0006851050862761502,0.0010499833603886555,0.002027058967386421,-0.0005805225078905509,0.001622202627329266,0.0009294029824219224,0
baroque pop,0.07426282746734289,-0.0027031781705909932,0.03627595873157046,0.002465338408155067,0.02897898992105801,-0.0038054294497446043,0
compositional ambient,0.005074487986567373,-0.005126183189226062,0.00522359918455562,0.00441627267040712,0.010320724103746492,0.010036520907992008,0
singer-songwriter,0.3075401991884529,-0.31813045866501577,-0.19287748495695664,0.027157000523540902,0.2943002907481944,0.05059779956169891,5
synthpop,0.0003802815903942058,-0.01667025949547488,0.02088558012547902,0.016648820657513264,-0.015140269820884573,0.03526226083155143,0
shoegaze,0.0431440262768301,0.022788448468095166,0.039512527104462264,-0.016249760910504646,-0.07294297956107115,0.10667348323990909,0
scottish shoegaze,0.0023071262545305755,0.0011958851289835858,0.0072826290227121365,0.003903739959984013,-0.005589501515531391,0.02197336074047496,0
scottish indie,0.005169343418899474,0.0002669438742178427,0.004711097176308814,0.0026671769089138815,-0.00787219415020948,0.02033398112860769,0
new wave,0.01657464280812128,-0.0515793681761268,0.03589579403561952,0.028822615423354576,-0.03782306647197111,0.047448288763411776,0
icelandic rock,0.0006851050862761502,0.0010499833603886555,0.002027058967386421,-0.0005805225078905509,0.001622202627329266,0.0009294029824219224,0
icelandic pop,0.0009021506820831593,0.0012511919793126414,0.007086129636135214,-4.859012874614965e-06,0.0019275067672589236,0.011128762410799105,0
permanent wave,0.15892768544862468,-0.22625528777028267,0.1699658340030695,0.0950683831256621,-0.13747501196974288,0.11313262272933569,5
garage rock,0.012725273883861613,-0.006165319462674843,0.05944002580466504,0.013124409077787441,-0.034078502690665785,-0.020928202219626078,0
baltimore indie,0.013207203345290434,0.033654100448867394,9.67263649835156e-05,0.00757295121110208,0.0027540210594760046,0.025027504243708344,0
dreamo,0.012426473152285053,0.016216217406594676,0.012789224963837621,0.0038201056249820577,-0.015487058799865505,0.03797873450396709,0
alternative dance,0.0025516449578379206,0.006369930436401304,0.0912925499703678,0.008217166292704267,-0.016479792103046984,-0.02321042909361505,0
dance-punk,0.006513517323272817,0.0068438573236265085,0.0522770937921301,0.006924198574821456,-0.014501166287394545,-0.008919616386031054,0
modern rock,0.09806374783374398,0.004196433144294116,0.3029975496883561,0.08800308061120858,-0.15482959235331736,-0.3108751334651112,2
icelandic singer-songwriter,0.00014436061958809872,0.0011791345735587793,0.006263758711385885,0.0008855620995670751,0.0017193295252229763,0.011729501010001343,0
new rave,0.00361092301365571,0.004800026854722706,0.0584444960796993,0.009073286880556522,-0.012423608095503897,-0.007899023940449263,0
experimental vocal,0.00014436061958809872,0.0011791345735587793,0.006263758711385885,0.0008855620995670751,0.0017193295252229763,0.011729501010001343,0
icelandic experimental,0.00014436061958809872,0.0011791345735587793,0.006263758711385885,0.0008855620995670751,0.0017193295252229763,0.011729501010001343,0
etherpop,0.007062094081768712,0.02575951935566505,0.05390340477609645,0.030951447368223153,0.0498383936821235,0.022150847659512925,0
neo-psychedelic,0.006919002578912171,0.009732025271255692,0.042891723034080814,0.002832347483529591,-0.005323671407177022,0.005102750270786317,0
latinx alternative,-0.0012660612940176839,0.00043705274147290754,-0.0009165484525398385,-0.0006036150315222455,-0.00023444664317360132,0.0010477354945595317,0
deep latin alternative,-0.00042127071754251955,0.0007795211306825129,-0.0009777047437849469,-0.0005993489632954378,0.0019387727783641959,0.005297361907379069,0
uk alternative pop,-0.012063131372341161,0.01311082326997572,0.016836109243172342,-0.002486983829589586,0.028919482196860247,0.041811521645922216,0
world,-0.0006902776608247107,0.00071346267057603,0.003104120944213526,-0.00023434096812077269,0.0018061278486491913,0.002457057440225379,0
rap,-0.11120162464614029,-0.02693736413641298,0.07288444720064907,-0.27074205163160686,0.11797104797103067,0.03561448405111466,0
hip hop,-0.11001783346370543,-0.030292448238229887,0.07170395242307868,-0.28023846244770323,0.11485708727626324,0.04093194536705866,0
underground hip hop,-0.01568918054230716,-0.004554177794079429,0.008268120954578668,-0.04481920149474271,0.013700220703238336,0.011009240440185548,0
grimewave,-0.0015878182526991847,0.0007539612037721635,0.002058023309530924,0.00039590246636662414,0.004049982594243881,0.0027817952199505397,0
electra,-0.002942025342179106,0.0052903004472859205,0.00415699659376094,0.00035879777254901743,0.009307934036562486,0.01524778238113415,0
industrial hip hop,-0.0016220199356970087,-0.0003457193580755228,0.000913933878050994,-0.004546461670927293,0.002100172139844513,0.001938581881758109,0
experimental hip hop,-0.005763942055430956,0.0006923699649755547,0.00705428931218294,-0.011305650296273529,0.01031872499513413,0.007089502101372964,0
alternative hip hop,-0.0217763912501165,-0.006200627479504774,0.01942705068572649,-0.04828800069121461,0.021455326335147393,0.006399778249424291,0
future garage,-0.0038930388188435027,0.000601903163846186,0.006222454113593019,-0.0024694710617539687,0.005262326519753425,0.004643801030507178,0
conscious hip hop,-0.04949712687256742,-0.019631787680143287,0.03215887410759035,-0.13518340218488645,0.042694491059179406,0.015654276830485075,0
pop rap,-0.02248728536582423,-0.004938043297333791,0.017416707616428606,-0.05633777339994876,0.02359875090736736,0.007079048116679965,0
chicago rap,-0.02589873796041193,-0.008398539436924212,0.017863602159638527,-0.06444503244027515,0.0238550191546608,0.006185140311697253,0
la indie,0.024161786447982583,0.022000456769270083,-0.009647417595085313,0.025220672644350555,0.0018982860142627768,-0.0427789112640744,0
australian pop,-0.006588277535600001,0.004014882936856027,0.005836004167134944,0.011269889658912468,0.007297121707358156,-0.012938942856012079,0
viral pop,-0.005389720121950955,0.0034512791117994246,0.004940968043726295,0.008316772097569576,0.007780871534162615,-0.014895118479284833,0
indie poptimism,-0.0370160228567539,0.014636277179491756,0.03682047179618819,0.08530462431230289,0.03163130301616513,-0.08820075012650042,2
vapor soul,-0.013935596238183547,0.009842807174025239,0.012282647562594303,0.02582711867716597,0.009379503968136065,-0.018521508550933954,0
stutter house,-0.000932327588204293,0.0007640631214169188,0.0013009498865419482,0.0004489677001847871,0.0027488790502638843,0.002431261340389485,0
house,-0.00270436254552501,0.00134710716109137,0.004289022536169492,0.0026109003219279905,0.005007619501683704,-0.0002507465136174783,0
edm,-0.0052697686909762105,0.0009949361365021543,0.005994013732205919,-0.002791809795009382,0.008092091369869563,0.003185498167999414,0
dark synthpop,-0.0009914094353210133,0.0007528589084254004,0.0011641808064071176,0.0012571192831339099,0.002154038950359537,0.0013723278511683212,0
chill dream pop,0.0014585174382548297,0.0042000656030638335,-0.0013815171650179894,0.00572537609804725,0.0002478021093157344,-0.0013749729519222176,0
channel islands indie,-0.0010009984866051036,0.0009893280132278097,0.001457027964283253,0.0008538736200369636,0.0022222659625872766,0.0012564762250419624,0
nz pop,-0.003786063173115093,0.010043091678136022,0.01064630871707322,0.02025754973038828,0.02619078825457525,-0.0008576655812715539,0
rock,0.1313307816307685,-0.34078707616614135,0.18694499552599048,0.25837573970732275,-0.158148090155631,0.06065115666634037,5
modern blues rock,0.0004384914123152866,-0.007954831909893366,0.00535023440509133,0.0017833619851337825,-0.010235428290177009,0.0006857726971886035,0
alabama indie,0.0029458827814620955,0.001940942953590762,-0.00575228999940998,-0.00020828653151082894,-0.008090543575394162,0.0013777384425226091,0
soul,-0.027781232187335792,-0.03212405957704595,0.005907370243196255,-0.035218957282552664,0.028046418004304463,0.027399966098796406,0
quiet storm,-0.008117135398037439,-0.005973312632100354,0.0013946512129450763,-0.010768093089287658,0.00800120744446941,0.009774175906395228,0
motown,-0.0067460580165565375,-0.011409572515308988,-0.0002105946659987346,-0.003979570672356394,0.008269960681113343,0.009623995709344874,0
funk,-0.014888669818803355,-0.014576861467825213,0.00541721363256862,-0.013276164440928597,0.011013948253189935,0.012297069729723097,0
disco,-0.00603243438737025,-0.00995901861681008,0.0015750805115972246,-0.00327915779094813,0.005675086099914934,0.01096530335313691,0
classic soul,-0.006659088445880571,-0.004295671208644375,0.001913129043668609,-0.006747750991464854,0.006974883468909345,0.006677143079049076,0
sophisti-pop,0.0003377598842806051,-0.00829381588331948,0.0057277610028391695,0.003662956515208962,-0.0009873513049289387,0.009543951142534007,0
uk funky,-0.0003760765892266935,0.00014636480200600548,8.704417256785661e-05,0.00032457410760375674,0.0005202996485411777,0.0005908885296511747,0
brooklyn indie,0.04375261872488019,0.040684293436687,0.007950439939068793,-0.016294971963350707,0.0024916396703757596,0.02370327878347954,0
scottish hip hop,-0.0016695691510402878,0.0006665154033255784,0.0008308713105781741,-0.001989472539652228,0.0031803419999063224,0.004553069711238909,0
chamber psych,-0.0011810871646996779,-0.00020461342066344047,0.000412360341406904,0.0003567773437145751,0.0035156136216636857,0.010949910668133644,0
abstract hip hop,-0.005916480936504631,-0.0017518099685834931,0.006854257042574628,-0.010827349287206483,0.007565497469454253,0.008210590484678853,0
uk post-punk revival,0.0007788186250794236,0.004578699274514367,0.0035731209955823964,-0.0042646577440107695,-0.009452324776516639,0.010587300946047202,0
new york shoegaze,-0.0008356386990153656,0.00024741950591094055,-0.0005905215330556011,-0.0005681988199387361,-0.0014525410350034206,0.0016672218351012412,0
countrygaze,0.08571735176571799,0.13154016237583466,-0.26743963289582945,-0.08723630258353707,-0.222261890000113,0.09831977999740509,3
shimmer pop,-0.015408932233535651,0.03000310738005117,0.0920125858397438,0.038014169532783575,0.03502860251523422,-0.04571169170323135,0
nyc pop,-0.01710678629391006,0.006430273642508009,0.01567870993047423,0.019042598005330057,0.016641547478808597,-0.022858973400791315,0
australian hip hop,-0.0008014139295499928,0.00012827425765905354,0.00023436147146895628,0.001428602463567293,0.0004206043836582912,-0.0017308761834021276,0
canadian contemporary r&b,-0.014348511418045997,-0.0009409130664456478,0.0071435479280168735,-0.011359861399402649,0.012611083059906558,0.0030026700420425555,0
canadian pop,-0.016906167980618666,0.005188280913306188,0.011741849761137287,0.03942005799770821,0.031594467356594415,-0.04822509207826875,0
r&b en espanol,-0.0005600770129655017,0.00043264144002026674,0.0011337421496649713,-0.0009183468812395139,0.0012715074895338642,0.00045954203556063594,0
country dawn,0.0003503067487588594,-0.01547248677586775,-0.012480310421559048,0.007225273505084017,0.010247744865326144,5.566303751633664e-06,0
country,-0.0016309923484589992,-0.014723567604325296,-0.012837247098048567,0.0058493706609482115,0.0035328843685418798,-0.002678217672402469,0
contemporary country,-0.00191732632500617,-0.010303699774654252,-0.0088563778518527,0.007140222564322799,0.0057926682231426024,-0.006431250272754762,0
lilith,0.10104551111963264,-0.08696175446806491,-0.057304763071797,-0.007517421447502169,0.07385265504205744,-0.08505563395450685,0
canadian country,0.0010404820192199814,-0.004183972768865627,-0.0016797528803456122,-0.0003165002790641244,-0.002443427638051361,-0.00013779126973292852,0
mellow gold,0.05947644200008265,-0.22895963439859154,-0.048516035782949794,0.13724708267473734,0.04794657753357961,0.1237704093931547,5
heartland rock,0.006234333364145947,-0.022450817463449176,-0.011892141442234706,0.01484228745323276,0.0028651707781762264,0.01446429190566118,0
pop rock,0.007698905550400615,-0.04526867675327372,0.0009333033447936172,0.019182596206564043,-0.029931119861105315,-0.012957106146227502,0
new wave pop,0.013950566506962081,-0.06227345034413543,0.008999004980774473,0.03533911133373131,-0.0014366478745209447,0.01829235507598732,0
classic texas country,0.000703760434228365,-0.01043308475138551,-0.008240574509612637,0.004911281527465452,0.010313640015329825,-0.001157609399783325,0
classic country pop,0.0019454948432230104,-0.01775794680990161,-0.011874608886647467,0.005074850903427008,0.008880626005951514,0.0033225205984534086,0
alternative americana,0.010044012558207154,-0.003317036150509025,-0.012945763970335334,-0.007222925715645451,0.0047779785940664865,0.0024214974439877857,0
country road,-0.0008084069211184353,-0.0014652231089264656,-0.0007708829813394692,0.0004896322925995212,-0.0006026988783936828,-0.00029734007539476367,0
neo mellow,0.0005599802729742467,-0.03415435840829486,-0.013582016925288617,0.009848878290591818,0.001514396575942771,-0.03623957621672768,0
indie punk,0.010954034982305521,0.03234375792364991,-0.01765261221101987,-0.0218632452329138,-0.09680509147240814,0.053853624252809346,0
5th wave emo,-0.0002918529072527955,0.003107500976212592,-0.004489358259882272,-0.003149624171607511,-0.012698048984447064,0.004323990884724552,0
idaho indie,0.0012459982952833534,0.0031103971237738445,0.0022884552759974597,-0.0010850318942390092,-0.004245569820475403,0.00011585733654084554,0
philly indie,0.01565544770509572,0.0498796090290222,-0.030125995003472024,0.0014981517459619845,-0.052817081084471806,0.05765427662325779,0
alternative pop rock,-0.0011923169339860449,0.0012644566621600574,-0.002206707481396919,0.0011131337504666865,-0.0028953882245847965,-0.00030189539065194606,0
slacker rock,0.05008066901594552,0.01655404328635705,-0.02061102090397917,-0.037968314551204294,-0.12454181170130808,0.07301677844382647,0
asheville indie,-0.004767593442545498,0.01798047370651779,-0.027365031860693254,0.002356960714545017,-0.04240532630228474,0.018488413597447094,0
portuguese rock,-7.323288139705322e-05,0.0002362991165512224,-0.00024777668602384646,-0.0005531572045959112,-0.0009082000070034406,5.701352574197638e-05,0
portuguese indie,-7.323288139705322e-05,0.0002362991165512224,-0.00024777668602384646,-0.0005531572045959112,-0.0009082000070034406,5.701352574197638e-05,0
seattle indie,0.050463600195560926,0.011582272879785756,0.019376115976532854,-0.020605676890355248,0.01180503543173952,-0.046797897718671815,0
diy emo,-0.00012364440929984538,0.004834813659617763,-0.0054700689345715675,-0.0014332897592264535,-0.013429713106308255,0.00917317446882744,0
stomp and holler,0.08904719417673897,-0.0044772626685717675,-0.032473086601157344,-0.07617389091037996,0.019875687717575693,-0.1694230615476363,0
modern alternative rock,0.008337937143022247,0.004609995749027991,0.07324859942577927,0.06434769156172025,-0.029012911156902216,-0.11502841481796389,2
devon indie,-8.61580398262108e-05,0.0003079705485393571,0.00013025141709115126,2.440183465767001e-05,0.0003394340217187097,0.0006634759162682138,0
solo wave,0.007361784312483454,-0.005378669087999853,-0.0002154852336912762,-0.0010012917624094547,0.0076151319342393714,0.012363816329610722,0
canadian indie,0.08377321710449052,-0.00945426862961255,0.021917599037287322,-0.03060596110751643,-0.017847512551470244,-0.08485362765357111,0
filter house,-0.007156821527687849,-0.0005734784721082753,0.014404120842934003,0.003923359213193076,0.0014008084855600162,-0.007636931043076226,0
austindie,0.01340449680263945,-5.802133771081895e-05,0.021416760022268527,-0.006780616139839244,-0.044522300169132216,-0.004603475178999448,0
noise pop,0.0887077420510399,0.02957888530203057,0.06323551846932848,-0.04372122220374547,-0.08113550494182313,0.09423901576758624,0
modern power pop,0.019106253633709214,0.013202925647074083,0.005253942177850686,-0.01069761655392344,-0.05081805911454876,0.01614146278722337,0
alternative emo,0.0011287725223660544,0.005182716428537628,-0.004162656306928201,-0.003339924951475914,-0.01165548365897296,0.003825519700854639,0
canadian indie rock,0.033387228335885456,0.003202670155500193,0.03515080145883396,-0.009762685726613533,-0.0441908174315657,-0.011757613035590685,0
emo,0.0022593897559011976,0.005732276260527444,-0.00021400682710133104,-0.0062435621361846055,-0.015120236366210781,0.004460622167802812,0
new england emo,-0.0008248352530885577,0.001999289480839505,-0.003396854845629752,-0.0050625482901889875,-0.01832933619748714,0.008692330554891776,0
canadian rock,0.006090703848511292,0.006888009098879452,0.007107282759128714,-0.006408311687872483,-0.015530173288571078,-0.004423461503396522,0
noise rock,0.00592578079038814,0.0021850756940838736,0.0071548632983336295,-0.0062741232783094115,-0.02398456652098768,0.00992932276747643,0
vancouver indie,0.014306111675984745,0.0032817765955679545,0.009740670260914639,-0.0066336431310729865,-0.009924861969270626,-0.000993529237685597,0
vancouver punk,4.506233551446461e-06,0.0004686358305760375,0.00019543221816108338,-0.0004123142390336004,-0.006334124129376477,0.0008783963886229001,0
popgaze,0.001900804696686312,0.000927358169889548,0.0031676326133598834,-0.002221165631710108,-0.014268448160277877,0.0058950731306791635,0
lo-fi,0.07290196518476931,0.013957282031216914,0.01865245964507281,-0.0720601885067989,-0.07910760809893863,0.06091327299757831,0
cleveland indie,0.0010313291348577724,0.001339925186728844,0.002544070601844179,-0.0022963552667922106,-0.012932274213564588,0.002809204378114151,0
boston indie,0.009706661236004928,0.011520908365729943,-0.03321417893393945,-0.014163982737212828,-0.04733922349014586,0.022639646162600228,0
riot grrrl,0.005800958272260405,0.005282011926624294,0.0024927869210963913,-0.0033160198739068843,-0.027640554324770594,0.009677965157650653,0
modern hardcore,0.002914358783146619,0.005632058002838616,-0.0015171219008078998,-0.0025884998000945216,-0.014462235217486484,0.00824483600595915,0
midwest emo,-0.0006788311297510402,0.0020459167356161405,-0.001443573978917713,-0.001043086009736263,-0.006349804529817241,0.003901992485972074,0
atlanta indie,0.002819300582394411,0.0021202559881330655,-0.006117901395685436,0.0030986734284734834,0.002183862844758879,0.011611204521081634,0
uk dance,-0.0038114688404173955,0.0006150783313325153,0.004082838597100934,0.003232458831229143,0.004423340729813709,-0.002910683796642838,0
jazz house,-0.0003682583947489642,0.00017792321817183764,0.0005962641621733319,0.0003731124989567643,0.0007827310955763398,0.0002615116794181399,0
gbvfi,0.01547026443161933,0.0008756837637054337,0.0009455033198461087,-0.02125892966351184,-0.017832940223554573,0.005383977518493757,0
power pop,0.004418953971156946,-0.01085086860401902,0.0031927946771565865,0.0015245313788366413,-0.00879822307526087,0.003497638842744155,0
lo-fi indie,0.00244440505423339,0.0045107447005616015,-0.0136568738626596,-0.0043995636288581465,-0.03235595948089924,0.026326190684786373,0
triangle indie,0.0012136113103785573,-0.00013070272246340096,0.0011836070039015717,-0.0021707369899317923,-0.006677355892288742,0.0018488217103919949,0
alternative pop,0.006921983279171144,-0.004187298273176005,0.0012858726525731068,-0.0002087179198363484,-0.007394120183908841,0.0033619155984121745,0
post-hardcore,0.0016661972954919485,0.00021347245503567549,0.002242992107749529,-0.0029512027592837457,-0.007860264364721573,0.0021982739637602723,0
chapel hill sound,0.0015864549647960262,-0.0014496704519336974,0.001274132192017644,-0.0019902798905117067,-0.005517016251161729,0.003958079781505037,0
alternative country,0.1135905187747275,-0.04809688416473858,-0.11733920228629066,-0.07740712727042277,0.06947774905733776,-0.10599295239237541,0
pennsylvania shoegaze,-0.0014608412606672689,0.004334989775529493,-0.0044777282720849035,-0.0023470538686569957,-0.013972794259709253,0.011324583474962442,0
pop folk,0.005361643644111177,-0.008335150668539026,-0.0130462682404327,-0.0031338773083040435,0.009488663899405616,-0.010086846737403074,0
roots rock,0.06163996452508517,-0.05646082632100146,-0.06418653588354914,-0.020155860600632264,0.02793584556786518,-0.03362870808235429,0
collage pop,-0.000678309447570773,2.999734822014884e-05,0.002126298685683504,0.00015457970856940886,-0.0007281112806416464,1.6933158076797835e-05,0
freak folk,0.004460299978955355,0.0033504990936028944,-0.002923441268941555,-0.006620443280717487,0.0039857464258454475,0.0037485337036965243,0
ambient folk,0.010587401961986827,0.009069779120371099,-0.01603725930670634,-0.007313260724830901,0.011834260113596335,0.009040724497556833,0
folk,0.13444331646874152,-0.17722011940384058,-0.15525787927536305,-0.015484355912032547,0.10863120189031078,-0.1069964125696105,5
canadian indie folk,0.005889246250697461,0.00013915022994333317,-0.007422835297519257,-0.008676616818182015,0.0015953585226470407,-0.01161369292009807,0
chicago indie,0.03587224048593771,0.005162030891917168,-0.022082272643188516,-0.025714333158921847,-0.038608335638372675,-0.01085433892852192,0
saskatchewan indie,0.006315903336647347,0.0006081904985978206,-0.00822466092923673,-0.009151631898082683,0.002063344682621221,-0.0125431544232948,0
uk experimental electronic,0.0006281036834088732,0.00014713088674444608,0.0021725728312568895,-0.0010418006592006692,1.8199329571145148e-05,4.833379430942836e-05,0
new americana,0.07594742915565232,-0.05836199798144556,-0.1072053975342441,-0.06480950794430891,0.09178256091089182,-0.1571389460654597,0
indie folk,0.07348194397708172,-0.007031791690466622,-0.05340732042776456,-0.07483954758043691,0.042972047778923605,-0.235295235581992,0
outlaw country,0.03477020259203896,-0.03494381252228991,-0.04244602212191583,-0.016361904513065555,0.04033914852103494,-0.040830703456225255,0
slowcore,0.014402458641778252,0.00393797190566799,-0.008771832634055942,-0.01289425831810391,-0.00684009742495849,0.024129436626635616,0
new jersey indie,0.053778915061214835,0.030124621904619328,-0.01442259635890987,-0.034330190368173044,-0.012788281939819127,0.03650073312048106,0
canadian singer-songwriter,0.05650608093087454,-0.06477162338857635,-0.06669324513478642,-0.01135534687435047,0.052890857774393556,-0.0452095710945801,0
ectofolk,0.04979569482853243,-0.057769418520611605,-0.044436559401106156,-0.02150761272451475,0.042818926404168435,-0.05472673841016262,0
pittsburgh rap,-0.005837276631228593,-0.002163290584906453,0.0031620599535497063,-0.013991113428669245,0.006433202283876343,0.00014897301402219584,0
psychedelic hip hop,-0.001984792061892108,0.0011868332701159552,0.006705795580898615,-0.00035754900672010443,0.004011162919374139,0.000660646324629418,0
australian dance,-0.005404411189782765,0.0006358789369018465,0.00822223142511511,0.005429604147327279,0.003698857042855183,-0.00804022566638159,0
australian alternative rock,-0.00034353542288725116,-0.00015244137098162052,0.0017406252595589542,0.0011323040701317953,-0.0011522518996690638,-0.001349675210145201,0
hamburg electronic,-0.0005153828325298281,1.4311500943168066e-05,0.0006620821517296737,-0.00025272894792746766,0.00032469443870146333,0.0009016960195164941,0
minimal techno,-0.0003493185076041904,0.00014327541844479406,0.0003332287966746498,-0.00011378368808519356,0.0005198213393397468,0.000788313480831737,0
microhouse,-0.0003493185076041904,0.00014327541844479406,0.0003332287966746498,-0.00011378368808519356,0.0005198213393397468,0.000788313480831737,0
german techno,-0.0003493185076041904,0.00014327541844479406,0.0003332287966746498,-0.00011378368808519356,0.0005198213393397468,0.000788313480831737,0
new jersey rap,-0.009826295713817754,-0.002773596107405933,0.004050846120901866,-0.018134885737545316,0.008944771419007503,0.007564971992106634,0
nashville singer-songwriter,-0.0015269351062829476,-0.0009097983993610058,-0.007039931029409221,0.006316791463035464,0.0007483715429240962,-0.00961909832256039,0
canadian hip hop,-0.006726053160159228,-0.0015243018798552018,0.004049637363850349,-0.015093735882121812,0.004268147069175643,0.0017450583478638311,0
r&b,-0.09976043372194703,-0.0332176737675347,0.04491439311869096,-0.15251112587550242,0.07210190337288715,-0.003248319946133331,0
colombian pop,-0.002942716559348351,-0.00042775451238098104,0.0007052920331753231,-0.0025725457872101,0.0020332662882770803,-0.0011199862757570792,0
indie hip hop,-0.002542892494397877,-0.0007644665570066266,0.0007902657725762147,-0.005035071482726329,0.0015354537553839084,0.0010112250032161694,0
modern indie pop,-0.014412086558670729,0.010682827654888412,-0.004217657728529945,0.03388783808693594,0.0011476314486490035,-0.029563328746414784,0
american shoegaze,-0.0005352920617838035,0.002855083089737663,-0.0014971311052903275,-0.000568002419948285,-0.005907262743758807,0.008513414780997423,0
hyper-rock,-0.0026401581859305514,0.005323070476100589,-0.0019474143624459953,-0.00020292791356256958,-0.011397417462303052,0.013505353478693076,0
nu gaze,0.0006079245673426857,0.017986699339720438,0.002932938727071651,-0.0072182625878609505,-0.04450361434543412,0.03211789092127441,0
aussietronica,-0.003131260360492676,0.002001637633712457,0.002465767637479789,0.0037171200385736187,0.00405182537130115,-0.000572366914822321,0
tape club,0.0008924716983213893,-0.0013015224744390552,-0.0006725273551757979,-0.0003869237416582177,-0.0009212195191889665,0.0016323539671988117,0
queer country,0.0018835321314393618,-0.0009628508099001647,-0.0023565056545763385,-0.002891793733789185,-0.00031779215365215145,0.000141785338919767,0
women's music,0.0031619834187961793,-0.0038689235369628594,-0.003664170968768763,-0.0033212462527744974,-0.0006642776312207097,-0.004204225803336301,0
midwest shoegaze,0.010028806835527806,0.019117146417475517,-0.04323239727489165,-0.015618197597037404,-0.055667274063139975,0.0273392958150724,0
new weird america,0.017296792155172304,0.004189508281998815,0.007259244728116749,-0.01792497997323813,0.0026296169903604893,0.005578322279210385,0
vermont indie,0.001402208589865299,0.0016623506687036358,-0.0023681191579468497,-0.002430773205348933,0.0003916149494341462,-0.0036066309762321177,0
rock independant francais,-0.0006469747650742593,-0.0007542576694412521,0.003471727154537337,0.0006171151639290408,-0.0018191192979268738,-0.0007609892110011402,0
electro-pop francais,-0.002941087845190658,0.005703628639709996,0.007841642526989994,0.01236580339031872,0.0135132271075638,0.006397598811216766,0
wonky,-0.004153886280260501,0.0036972061122603557,0.015592033123775063,-0.0023704186011981715,0.01290638067389409,0.01205910844528515,0
shiver pop,-0.010250131610841009,0.002876892037109579,0.024420757421692706,-0.003501676381436042,0.011497693673232192,0.0032733149902871893,0
ghanaian pop,-0.0010343424339569057,-0.0001714498989864308,0.0002210528400750622,-0.0009514620455344959,0.0009419466464563866,-9.250706183341621e-05,0
ghanaian alternative,-0.0010343424339569057,-0.0001714498989864308,0.0002210528400750622,-0.0009514620455344959,0.0009419466464563866,-9.250706183341621e-05,0
afrobeats,-0.0014651354351952841,-0.0001557901688313049,0.0004445521254903307,-0.0011352489719880692,0.0013037051304197434,0.00020745930788342736,0
afro r&b,-0.0010343424339569057,-0.0001714498989864308,0.0002210528400750622,-0.0009514620455344959,0.0009419466464563866,-9.250706183341621e-05,0
hip pop,-0.009418647350462557,-0.002673316197954043,0.0009376827885013626,-0.015988875130909377,0.0021126060001227347,-0.002985246652164139,0
kentucky hip hop,-0.001038761826101538,-0.00042889525480082876,0.0003134334416193456,-0.0028488478362685564,0.0006231441592662723,0.0003781664881745854,0
urban contemporary,-0.04824626161523147,-0.013989215464454216,0.024002100254438635,-0.05774570729855239,0.03265338587478899,-0.010621460565444149,0
southern hip hop,-0.01262529372143035,-0.0042937447853887405,0.00848094697761816,-0.03287129675731766,0.009865608985178586,0.0028734113330073125,0
political hip hop,-0.007852793414462569,-0.0033374434789230074,0.003437486026911713,-0.02620663942759857,0.008330205127129618,0.0018638086740179012,0
old school atlanta hip hop,-0.002601760614897285,-0.0011358853192511514,0.0020559428080915315,-0.005830027692670648,0.001804792715633155,0.000532257208642836,0
atl hip hop,-0.016778042228898137,-0.005100042506534584,0.010816925344701777,-0.03437549544902663,0.01879735063079886,0.00016507954784909389,0
boy band,-0.0020501855708596637,-0.00032981348433556756,0.0006654532139631978,-0.0028766100431447793,0.0015027050673005163,-0.001255997034985972,0
indie surf,0.0020867807069263325,0.011238966303848567,0.01171822642821782,0.00668124558654261,-0.007389219910607787,0.014794298938968085,0
pop punk,-0.0014131870165246556,-0.004506716647699504,0.0007592865314921611,0.007430400370068692,-0.00890074602322082,-0.00745665896114664,0
pop emo,-0.000691063076091045,0.0013053017371589272,6.914601065919223e-05,0.0047333669236410214,-0.005192119729959759,-0.00019082800624045898,0
pixie,-0.000691063076091045,0.0013053017371589272,6.914601065919223e-05,0.0047333669236410214,-0.005192119729959759,-0.00019082800624045898,0
oakland indie,0.007362903184628989,0.01774077312206743,-0.0028211829301034827,0.011329335884541977,-0.001925004889599595,0.01920181593695695,0
modern folk rock,0.01219286332422179,-0.005724722160754743,-0.02682862506717645,-0.017814472216540575,0.00626638054993789,-0.02241310402401215,0
garage psych,0.0008497596997852474,0.0004591695841069314,0.0009733217818522065,-0.0018174551107257443,-0.0017904538702787983,0.0003998742611215164,0
classic rock,0.07189385013271607,-0.2584372514174813,-0.03850910806789518,0.15948116268246484,0.03094327648625731,0.14922996664531388,5
psychedelic rock,0.012430169282407432,-0.027558910834367855,-0.0005734761939994954,0.017560972355528764,0.006425140148727592,0.022010550318485863,0
merseybeat,0.005739180235646057,-0.011312878768277652,-0.0025346917509176167,0.005509515920770971,0.0032863656083758556,0.00972020325371788,0
british invasion,0.006668272984716605,-0.018279273147526438,-0.0034084063894638758,0.01011525309061588,0.004109314119308733,0.012904264597927295,0
jazz piano,-0.0025812125085828913,-0.00089712617404291,0.0012357517164394297,-0.0042259341194325695,0.0017343068416339521,0.0035087441482313728,0
jazz fusion,-0.0031438082128198157,-0.0012144923618046578,0.0013785382823207316,-0.005506936693666091,0.002088375743842312,0.004080468865631277,0
jazz funk,-0.004584909249493137,-0.005182866842196552,0.0005666977201114788,-0.0055733551103267975,0.001659483456427603,0.007391817364248243,0
jazz,-0.016632761510478482,-0.012272224853123924,0.0017615588095961394,-0.02938431063018467,0.013586583696140247,0.02553256967306825,0
instrumental funk,-0.005726596355639637,-0.003253334401788822,0.0006622997117757095,-0.005672061895332944,0.0037117497688810195,0.0027640020422364103,0
contemporary post-bop,-0.003972549540973557,-0.0019352403841730614,0.0015561337880237525,-0.00690033674155038,0.001621643520601011,0.003749431141303392,0
new jack swing,-0.0062117539074097875,-0.0025344155897136923,0.0010257750962282843,-0.006492383734398462,0.0020979936259373335,-0.0026976665216198806,0
trap queen,-0.007794514220404335,0.00019927887679079708,0.0029352786896792923,-0.009987209906596566,0.007762179621804988,0.0005136845619722975,0
trap,-0.013574130564848125,-0.0039019200230514203,0.00901879825071809,-0.03334598381892859,0.012670808548614576,0.0055851040596808475,0
melodic rap,-0.0014654651495557096,-0.0008834419011805681,-0.0005203014923312176,-0.0008686117257161033,0.0002858926376099774,-0.0021475338868293635,0
post-disco,-0.0017009683831900636,-0.0022204309752049114,0.0006477870781871072,-0.0012200754648667366,0.0019487739827866377,0.0011671368882138844,0
p funk,-0.0027119328507953545,-0.0016376732450094104,0.0009716369311279586,-0.001485563129864451,0.002097967825296771,0.0007151703195726548,0
west coast rap,-0.014047353677807848,-0.004826995695629153,0.01161086000146584,-0.03805443101832503,0.014200214910171772,0.0034201568160030556,0
acoustic pop,0.006199008387704465,-0.007141430939774297,-0.02196855161376357,-0.00705407821592207,-0.0007125052632159484,-0.05108308220099903,0
country rock,0.010876058185452819,-0.04740707130275828,-0.030865186060786292,0.023984164148792904,0.020586309854668652,0.015703868745536514,0
electric blues,0.0016159689337330628,-0.014356995424878715,-0.010017852994055812,0.0025419330457114647,0.006238927201100528,-0.002003883991551634,0
folk rock,0.06084270091370895,-0.17843534894141883,-0.07761807486905596,0.08029321686089366,0.06408994333931882,0.051788864801944,5
soft rock,0.039655538891885986,-0.20198941425798111,-0.03974157489253001,0.12419317204853923,0.03451069416243271,0.12072231455636784,5
bristol indie,-0.0003553430363265347,0.0021234040797761594,-0.0031632857478209927,-0.0010798693360356962,-0.0005698792373749637,-0.00631369873186343,0
british singer-songwriter,0.0152573009907629,-0.00821297977162505,-0.022346963874681693,-0.012947146115943598,0.02103007960881792,-0.02643646970340132,0
electro,-0.0019108011866809174,-0.0004134093886804513,0.0012831026547452874,0.0002694424500951403,0.0006444480986112757,-0.0028355725512808423,0
eurodance,-0.0028456023651266546,0.00032718966916535217,0.0025084107500952042,0.0036803685447740833,0.0021921730214495617,-0.007556854351819489,0
washington indie,0.017103644593621604,0.001803110429891497,0.00936870916756484,-0.010439927509169134,0.0011866774823783596,-0.025913647106944104,0
austin americana,-0.00023586984890802657,0.002526320743130459,-0.004916430346320476,-0.0028163255220454647,-0.005728954889911519,-0.0008409505638582671,0
athens indie,0.0006392939900706195,0.00019683057704038192,-0.0013244627609120705,-0.0030002613626818548,-0.001758700742031405,-0.0001931617201357349,0
elephant 6,0.0022117874402737374,0.0004561006323781189,2.7057064070158764e-05,-0.0018036904375128644,-0.0037395483263118613,0.0007162397639148185,0
deep new americana,0.0057905766279596725,0.004114794934454014,-0.013947378879110671,-0.00032674154022832493,-0.007007604401825174,-0.0025565841435189634,0
quebec indie,0.017612269315536246,-0.0023095944636521504,0.024454085161573207,0.0020930999087144008,-0.02193997032805527,-0.008740516659329137,0
dreamgaze,-0.000538833693103402,0.004375358628894677,-0.006109228921740117,0.0001549808317832298,-0.00929737214301687,0.004470292961038119,0
eau claire indie,0.008884382380074827,0.001057744118583903,-0.0006107989556688973,-0.006932167617837364,5.8526077515222826e-05,-0.03574863742008224,0
boston rock,0.002767831310522426,-0.011867011658026274,0.0002548964141545468,-0.00378411659710621,-0.010351900111667842,-0.0024060384749071775,0
reading indie,5.1268407957807555e-05,0.0009303161663380846,0.0030824371860430537,-0.00027967575589102014,-0.0062742167938518705,0.007980510925580928,0
sydney indie,0.0074856254059115935,0.008785408018366915,-0.008931691576070511,-0.0022867856940122187,0.0015522047364592458,0.0024643312480225727,0
folktronica,0.0003824797114745002,0.0012438119992572731,0.007925576498309612,-0.0029730582849790944,0.0020065013273330534,0.0058742935648736835,0
post-grunge,0.0016793092905995435,-0.01208351065081236,0.0010625722646762927,0.0030765429114862244,-0.012271751759638514,-0.011496335330056718,0
alternative roots rock,-0.0012018323833997283,-0.00013450243739856322,-0.001590280438938317,0.0005291162657396398,-0.0010821101455041223,-0.00369946685410161,0
classic oklahoma country,-0.00032526994184792636,-0.0002127057954552172,-0.00026599510365685544,5.610003839019269e-06,-0.00037097985434988523,-0.0012409077940436141,0
black americana,0.0039560024439595975,-0.007681708772602954,-0.010853332247790264,-0.002563519803169003,0.007628411257897946,-0.006823768944799003,0
eugene indie,0.009257433573829745,0.024296263090608818,-0.007052269268952987,0.014711797125265174,0.006880859108214939,0.019842551409786392,0
irish singer-songwriter,0.0005323506072481246,0.0004962433452528565,0.0023554059883100016,-0.0013475815146411223,-0.0006711604828818527,-0.005545990502175256,0
indie anthem-folk,-0.001905528302257394,-0.00137720658321232,-0.0004991242457497436,-0.001479270904305199,-0.0023611307049537407,-0.014815053990529625,0
indie quebecois,-0.0006318741538905699,0.004562257836437055,-0.002189916221872435,4.108895138512645e-05,-0.00516904151510043,0.003790322134391748,0
musica portuguesa contemporanea,9.417209544369416e-05,0.00033552500428829057,-0.0002802875205718585,-2.711851554960053e-06,0.0003818123209577878,-0.00042397432554973244,0
new england shoegaze,-0.0007512067624373426,0.0029260369179837137,-0.0033491283503639434,-0.0036517925953200307,-0.013802923414097442,0.007942223062815317,0
swedish singer-songwriter,0.0019089119566544277,0.0006011200218868865,-0.003259986854025238,-0.004903584517937198,0.0008093471323723595,-0.012417931780434578,0
swedish indie pop,-9.360779030058875e-05,0.0017752988562943182,1.572810422309934e-05,-0.003398333463926493,0.004978698964591715,-0.012536062023890359,0
swedish indie folk,0.0019249407709055167,0.0005008954611288317,-0.002887439297056611,-0.00531129395400351,0.0016007596199078618,-0.011191111940364271,0
stomp and flutter,0.00036042200148568294,-0.0012937813610390866,-0.002911786515862223,-0.0011096841351708538,-0.0007955749920693183,-0.006578731934761071,0
australian indie folk,0.0011638088049637492,-0.0008700485224814352,-0.0006137995116411445,-0.001035450470003142,0.0002098330012291239,-0.002295261238182461,0
lo-fi emo,0.0003665215435005457,0.0017625659829917874,-0.0038200793255059582,-0.0003129954371333231,-0.003096657615601395,-0.00047126903422741264,0
uk americana,0.010813397741834667,-0.007890592730774821,-0.011593020173492528,-0.011076708716907425,0.015551465022923228,-0.024799320572870695,0
post-teen pop,-0.012571477181728578,-0.0014090413492410274,0.014205835751125216,0.016170886993273428,0.0038298132056285507,-0.024407372666079178,0
laboratorio,0.0005032164361360547,-0.0008457203040268228,0.004915778699255841,0.0005099838659402074,0.001205193536895032,0.0075850072509120025,0
dark pop,0.00902757454497689,-0.009248649806966583,0.0005385369949839045,0.005041109462933581,0.02081173940858014,0.023376225335690105,0
perth indie,0.0002206083737331006,-0.0015817273822843509,-0.003485876303525829,-0.002124618720123895,-0.0013743679594207235,-0.0025998261796002183,0
toronto indie,0.012711055784621018,0.011883325847760308,-0.0014084077821251266,-0.0005424711317940061,-0.007027728267852434,0.018250968796857392,0
bow pop,-9.668087313084653e-05,-0.000135356372422975,2.8448147830472804e-05,0.00045415621568578997,-0.00014482060742575015,-0.00010815481496017009,0
kentucky roots,-0.0006523507474305951,-0.0013560095018189098,-0.002157555922972335,-0.00028414273643349034,0.0001928843745827215,-0.002094632062918542,0
kentucky indie,-0.0006523507474305951,-0.0013560095018189098,-0.002157555922972335,-0.00028414273643349034,0.0001928843745827215,-0.002094632062918542,0
modern psychedelic folk,-0.00031769053111301845,0.00012860633870203478,-0.0012627625719608944,-0.002551174881861522,-0.0025824604912668063,9.749517815987661e-05,0
montreal indie,-0.0005796770127653934,0.002748057422592457,-0.005052600916790145,-0.0016997410056513761,-0.006054920636735848,0.003194839441378551,0
piano rock,0.02619854860322564,-0.07324552970932227,-0.0007582524029187864,0.0472798319207626,0.027523715256182454,0.03681067153891276,0
uk hip hop,-0.001001321429195838,-0.00018639382728645693,0.00016218520214247197,-0.0011396127981323466,0.0007947571948743485,0.00015439153696948893,0
girl group,-0.01034622651150331,-0.004868801794574389,0.010013294842014414,0.012914028238313153,0.005962052432426106,-0.015472144639287479,0
barbadian pop,-0.004550592065248304,0.0002213663580204354,0.0025119096548811867,0.0012590151388594422,0.004422824573264702,-0.0064042307046474544,0
newfoundland indie,-0.00024411578807696438,0.0006508676865153391,-0.000581457654520881,-0.0011422689571497489,-0.002536469022454561,0.0019429574813184275,0
english indie rock,0.0008193576570096596,0.00280204607438599,0.002765591060586053,-0.0030445542292958194,-0.006686899047662931,0.005273390362408132,0
crank wave,0.005407351098747754,0.008603649842801207,0.005004523931897253,-0.012551233885645306,-0.018995172894374746,0.017896534828907237,0
brighton indie,0.000839005371998717,0.0005623851244247038,0.0009731371793754189,-0.0029715393912878216,-0.005496811412208992,0.005584153101953729,0
ambient pop,-0.00014916598125131204,0.002193157357808767,-0.00210822614918631,-0.00044459473749547087,-0.0013816539448563132,0.004729044137505678,0
north carolina indie,0.0022432450131802304,0.0017241067243947041,-0.0026022316619306166,-0.003287868056802285,0.0010587612706408705,-0.002899500041508115,0
indie garage rock,0.0025712563147278207,0.00010621199711651559,0.0006381376979007375,6.188482317563641e-05,-0.003420868365365165,0.0043086250200638325,0
brisbane indie,-0.001171622188743238,4.8534483781646226e-05,0.00032893861590074975,0.0027388326513802888,-0.001412876999524689,9.354362488793935e-05,0
australian indie,0.011613370994298029,-0.002391885375731653,0.0029587235497840875,-0.0011433358326510066,0.010152261116661638,0.014050294287509849,0
corecore,0.00028859632646117966,0.001533138255054649,-0.0014621016793209308,-0.002952409147732724,-0.005643587149860906,0.0024299331171442964,0
duluth indie,-0.00010872933782472381,0.0002433597095815745,-0.000153519005518457,-0.0003768438563421643,-0.001050518296988115,0.0010430380181652118,0
chill pop,-8.843951262693887e-05,-0.0007991784319468381,0.0003783289233491668,0.00036771149597250336,0.00010411336012377058,-0.002230901365889164,0
indie r&b,-0.0057102284120678646,-0.0017415642878199004,7.423051364357911e-05,-0.006591021212304341,0.0026337010373354524,0.0003409173838310821,0
experimental rock,0.0012483937419448202,0.0009101711655520112,0.005139800197393729,-0.0018867212081986977,-0.0032914254327645813,0.006428617296138955,0
experimental indie rock,-0.0002003193853403591,0.00012192500087577123,-0.0003488002049154976,-0.000278630685316686,-0.0016798953918943768,0.0009307263939712954,0
bay area indie,0.008934718394745531,0.010650141532122119,-0.001708131702667808,0.00966785068400115,-0.0008544013408364398,0.014709411679763522,0
electronic rock,0.004680115151713321,0.0018227025061719403,0.024428897534612092,0.004057950453570351,-0.011035050713473018,0.003860046998186698,0
dance rock,0.009730192437839626,-0.017522295471865592,0.05111415434781384,0.016754807022407045,-0.04022709723698937,-0.0013151705774372513,0
folk-pop,0.0004152560719001272,-0.0018400218914399425,-0.0007242897766526912,-0.0006793106636610274,0.0002475453243957189,-0.0032441021047875463,0
virginia indie,5.6759048358920794e-05,0.00016321773902459557,-0.0009617938196973154,-0.00016604335818111532,-0.0006312069012532358,0.0003014243925276478,0
new orleans americana,0.00031655405119128405,0.0005827498958706667,0.0003924569891547559,-0.0012653544965808975,8.814272026927673e-05,-0.0012054167058496918,0
album rock,0.02194361417077857,-0.1275664396036807,-0.016089092226966147,0.09280730184900675,0.003371273008637066,0.0898546397342248,5
psychedelic pop,0.0007162261391580766,0.00021455948943933072,0.01023179725234791,0.0028249629676722478,-0.0012758834644293758,0.006084252683692034,0
denver indie,0.0002233467303909526,0.006944824521417868,0.003387991572237185,0.005578793414050127,0.007717286569129968,0.002291398047688221,0
yacht rock,0.006828951195110619,-0.041811814171724235,-0.005153935213297928,0.03562019258263275,0.002170546539348136,0.0402247974529527,0
danish indie pop,-4.5548487623709936e-05,8.733614836780668e-06,0.0001220739217453437,0.000657731817434604,0.000234076074489206,0.0013191161592130216,0
portland hip hop,-0.0010009186889222547,0.0024504984894396986,0.008834582843654796,-0.0005981912203240019,0.0014081539634468723,0.00477147106565495,0
kiwi rock,0.001961754166212681,0.006267940545817977,0.008543247850289341,0.002148069421781746,-0.00773025170712452,0.00989998704966138,0
progressive bluegrass,0.005403116675325394,-0.0010051246510869593,-0.012660282525658224,-0.009408253241589604,0.002318138683071906,-0.016154201164127562,0
australian psych,0.0004382650982760076,0.003172755782718521,0.021752658503358363,0.006164350116746328,-0.0027567473512264975,-0.007996670751541387,0
lgbtq+ hip hop,-0.021383132993292673,-0.0025448152451264037,0.018259789551557305,-0.030311469580670533,0.023661778554922307,0.011339571849166468,0
bubblegum bass,-0.0011184377350171744,0.0009777442569696155,0.000485933766914042,8.436303769427837e-05,0.001816398864399287,0.0042571452757673035,0
glitchcore,-0.0013766930393237938,0.0006716286713557411,0.0007065914696464119,0.001598031401870024,0.0019946890191347042,0.0020326136663788735,0
nz folk,0.0032830602590802793,0.004187488410972238,-0.0046350050325258164,-0.00015117909335420345,0.008469005976637332,0.0055903402613089615,0
nz singer-songwriter,0.0031291022293049977,0.004116682005424652,-0.004517425519131968,-3.225750651496288e-06,0.008109515123248003,0.005442334254047546,0
dunedin indie,0.0032830602590802793,0.004187488410972238,-0.0046350050325258164,-0.00015117909335420345,0.008469005976637332,0.0055903402613089615,0
cascadia shoegaze,0.0008436213575734543,0.004170597605155857,-0.005089207973360777,0.000507586448168761,-0.009576174840472212,0.010658662086069354,0
connecticut indie,-0.00016880127242897283,0.0013352405918847332,-0.0013803866070726005,-0.0005782364543954043,-0.004559469538255391,0.0029320100157296477,0
balearic,-0.0004473462104652169,-0.0005827230467107236,0.0005352035698664778,0.0014217084461477828,2.388533893303417e-05,0.0019384857349132318,0
belgian indie,0.0004670663187838176,0.0006683537105758044,-0.0007721375596984744,0.0007653729870024298,0.0009750009241918686,-0.0007503267336188179,0
belgian electronic,-0.0004307930012383786,1.5659730155125598e-05,0.0002234992854152682,-0.00018378692645357333,0.00036175848396335735,0.0002999663697168431,0
nigerian pop,-0.0004307930012383786,1.5659730155125598e-05,0.0002234992854152682,-0.00018378692645357333,0.00036175848396335735,0.0002999663697168431,0
calgary indie,0.001156026018193831,0.0016798424404088268,-0.0007752868112451216,-0.0024169902371567503,-0.0005415425673739882,-0.0015716863240275607,0
irish rock,0.003157672479182311,-0.010368617149074588,0.005179451620402082,0.004453531472016653,-0.01583828559328379,0.006569825709017903,0
grungegaze,0.00020417725335815473,0.0002604706843981345,0.00043867856447270877,-0.00031242388490257877,-0.00128406923753868,0.0018750769509029816,0
american folk revival,0.0009042545080671858,-0.004649458564473821,-0.003630508200716117,0.0006007408076339335,0.002455986604759303,-0.0004228641615706149,0
north carolina roots,0.0015869920681677054,0.0018062781150706695,-0.002899809230014283,-0.0026344435045573757,0.001597642467893455,-0.003554617961344005,0
british folk,0.01712183435725553,-0.014487010574294404,-0.017567241523577196,-0.011354249872520034,0.02447056502742516,-0.015280993091784673,0
math rock,-0.00021113252198011394,0.0013395755558755899,-0.0008170784512163469,-0.0018600635017679153,-0.005523432465477773,0.0037154957875892656,0
wisconsin indie,0.0009866634870181912,0.00023739379895298978,-0.0018206989702813068,-0.0017368355138288746,-0.0005155123849968281,-0.004801684161513759,0
edmonton indie,0.002351816181746604,-0.001605181629995677,-0.004028562775608482,0.0009429307553831471,-0.0037159302578982103,0.003989857353209009,0
vapor twitch,-0.0034787382098649964,9.653904397366474e-07,0.003872680116965572,-0.005710411982661311,0.003131531355391282,0.0005775396175256127,0
future bass,-0.0007209831794805697,0.00010544035402444482,4.0835546166054214e-05,-0.0009228427181260388,7.527621229888263e-05,-0.00035066080498966497,0
deconstructed club,-0.001200445051939269,0.0008866813370851933,0.0022313942929569675,0.0010967696057549664,0.003806357906932516,0.005467346474424494,0
fluxwork,-6.96565224253023e-05,0.0013840950569864322,0.004585461051995503,0.0012414634542047948,0.005456451874081725,0.00700396057409888,0
ai,-0.000660213041534509,0.0004085674934507555,0.002275873253660973,0.000651735292053443,0.001191128165138988,0.0027394669363322017,0
australian electropop,-0.002523134748871417,-0.00012256685633756846,0.004590484756074454,-0.002612772643519854,0.0021448066675974686,0.001149585806702116,0
american post-punk,0.0034679942919759385,0.0031430313220531594,0.0010341689112244909,-0.0050009801998642245,-0.005476897614685457,0.005264600833376,0
zoomergaze,-1.5329311660745678e-05,0.00011356499849869269,-6.609154626725408e-05,-0.00043151157217733756,-0.0012225258718923206,0.001015140025130604,0
manitoba indie,0.00018237652430405445,0.0007347056382252052,-0.0003426473214284453,-0.0008449975235270641,-0.002440865746302111,0.0023567110634102576,0
nova mpb,-0.0010638089823066753,0.0003454588946168953,-0.001408040487238972,-0.0011052222114164164,-0.00073567821843837,0.00022343006289761392,0
electronica argentina,-0.00025364718190216045,-1.9046141596811635e-05,-0.0002292338857539177,-0.00033138499151953265,-0.0002401358943509623,-0.00013344663132688032,0
argentine indie,-0.00025364718190216045,-1.9046141596811635e-05,-0.0002292338857539177,-0.00033138499151953265,-0.0002401358943509623,-0.00013344663132688032,0
melbourne indie,0.013184641116024036,0.0006544618844256177,-0.003290623036797936,-0.002381467663781764,0.007362938388484506,0.013788601223581977,0
norwegian experimental,0.0003256296384933563,0.00262116145276045,3.595277401569839e-05,0.0011302039711372789,0.0015426937488052246,0.006902666772949368,0
nyc indie rock,2.2352925980463915e-05,0.0009926064714325877,0.0075442072506126615,0.0003466232892678743,-0.005972924259850627,0.0015007063304793412,0
reggaeton,-0.0003248106535378478,0.0006841462884767835,0.0019030535035468171,-0.0028419154126140362,0.0017870426273558513,0.0018221295668860086,0
urbano latino,-0.0003248106535378478,0.0006841462884767835,0.0019030535035468171,-0.0028419154126140362,0.0017870426273558513,0.0018221295668860086,0
rap latina,-0.0004916220653694789,-7.726491549029102e-05,6.109670802732537e-05,-0.0006325788564137943,0.0003697588524351471,0.00017504996675300058,0
urbano espanol,-0.0004916220653694789,-7.726491549029102e-05,6.109670802732537e-05,-0.0006325788564137943,0.0003697588524351471,0.00017504996675300058,0
spanish hip hop,-0.0004916220653694789,-7.726491549029102e-05,6.109670802732537e-05,-0.0006325788564137943,0.0003697588524351471,0.00017504996675300058,0
rap politico,-0.0004916220653694789,-7.726491549029102e-05,6.109670802732537e-05,-0.0006325788564137943,0.0003697588524351471,0.00017504996675300058,0
rap canario,-0.0004916220653694789,-7.726491549029102e-05,6.109670802732537e-05,-0.0006325788564137943,0.0003697588524351471,0.00017504996675300058,0
trap latino,0.00016681141183163127,0.0007614112039670748,0.0018419567955194917,-0.0022093365562002422,0.0014172837749207047,0.0016470796001330083,0
reggaeton colombiano,-0.0004916220653694789,-7.726491549029102e-05,6.109670802732537e-05,-0.0006325788564137943,0.0003697588524351471,0.00017504996675300058,0
nashville indie,-0.00020232472586880233,-0.0005536297382334707,-0.002358874577057739,0.00010631640481011768,-0.00013686743007099627,-0.0010325989842975781,0
anti-folk,0.018554156242995657,-0.009542112244780757,0.009441135333932373,-0.008039457713415455,-0.009451357385711305,0.0057197834878833925,0
folk punk,0.011071550169184555,-0.001465866872075547,-0.0024323430869859653,-0.009906864731697234,0.000611164057866804,0.007247482868250027,0
modern cello,-1.1675229784676798e-05,-1.883208527531952e-05,-0.0008520399422383197,-0.0005314531992632507,-0.00013057414432208033,-0.0004436736791687992,0
minimalism,0.002223255084563847,-0.005671990355720973,0.00024500394735030713,0.004060569745883287,0.0036559365194397545,0.00810389285649114,0
fourth world,0.0017517117147559833,-0.004795220131677307,0.0004630153467881153,0.003908237365417119,0.0031088781208467547,0.008811051636427878,0
experimental,0.0025178301882486636,-0.004902215570644999,0.002812443908454725,0.00427951915917723,0.002869519133574106,0.010830736144903663,0
cello,-1.1675229784676798e-05,-1.883208527531952e-05,-0.0008520399422383197,-0.0005314531992632507,-0.00013057414432208033,-0.0004436736791687992,0
no wave,-0.0002497831754091093,-0.00010705485177767897,-0.0004697303546818108,-0.00022499050733337225,-0.0006220682286366521,-0.001136080917038974,0
swedish pop,-0.004468497329304346,-0.00551578038661607,0.008165865174395095,0.017445881068385058,-0.00018322809859230298,-0.009353507028403209,0
gainesville indie,-0.00039577621838948756,0.0008595139056879966,-0.0003764677409291389,0.0009285791338722452,0.00029794036909137103,0.0009571418785516479,0
phoenix indie,-3.1601334526961536e-05,0.0004145321173995492,-0.00048376526049596013,-0.0005834262898477498,-0.0022094045950404218,0.0008852767801509831,0
canadian punk,0.001288226212215208,0.0028600427223717034,-0.00010470859884685846,-0.00044360358083534953,-0.002486799793034163,0.001468285955538151,0
canadian pop punk,0.0010905296322801538,0.002482797644478974,-0.0006542765561046943,-0.00025516527037279415,-0.0022896867399396217,0.0015169403020543707,0
italian pop,-0.000390772301193771,0.0003618464652689605,0.0006163587508538126,0.0010693248095114626,0.0012832190872952849,1.7202140626819958e-05,0
italian indie pop,-0.000390772301193771,0.0003618464652689605,0.0006163587508538126,0.0010693248095114626,0.0012832190872952849,1.7202140626819958e-05,0
italian alternative,-0.000390772301193771,0.0003618464652689605,0.0006163587508538126,0.0010693248095114626,0.0012832190872952849,1.7202140626819958e-05,0
indie siciliano,-0.000390772301193771,0.0003618464652689605,0.0006163587508538126,0.0010693248095114626,0.0012832190872952849,1.7202140626819958e-05,0
scandipop,-0.0019137482798270084,-0.0009905291909376773,0.0024969589295747155,0.007066780453633904,0.0008798911199052275,-0.00773877184079486,0
dark trap,-0.0017740470767399234,-0.0006661457621740225,0.0005846246601211627,-0.0059664449411669295,0.0015568032474226098,0.0010217400827759891,0
drumless hip hop,-0.0017271048992111883,-0.0005992534760420507,0.00043312430378682096,-0.005259561106232529,0.0015468085756157306,0.0011300534350846085,0
tennessee hip hop,-0.0011979958613295408,-0.0004684978005139459,0.0002964773104893722,-0.003978609122720304,0.0009881728835202917,0.0005664514503734305,0
london rap,-0.0016059896096665067,-0.00036521271678580076,0.0006792816889766508,-0.003779146750123803,0.0014563466224061061,0.0006613428503391983,0
drill,-0.0030988952413015065,-0.0011390385267296172,0.001154929834483052,-0.008861832577516457,0.001727161233479293,0.0003023365863852765,0
miami hip hop,-0.0021460310057140244,-0.000519254268317911,0.0010321511886410219,-0.006773673182183373,0.002588038608737054,0.0014513735346643047,0
tucson indie,0.0002685015017923342,-0.0004962779813246534,-0.001929428738929511,-0.0016728940137961327,-0.00039257657473431906,-0.0036474091420549857,0
mandolin,0.0030133913759340485,-0.002342582691228884,-0.00514206345120704,-0.004016991609301573,0.0004968873103135246,-0.008057483921607395,0
bluegrass,0.0030133913759340485,-0.002342582691228884,-0.00514206345120704,-0.004016991609301573,0.0004968873103135246,-0.008057483921607395,0
banjo,0.0030133913759340485,-0.002342582691228884,-0.00514206345120704,-0.004016991609301573,0.0004968873103135246,-0.008057483921607395,0
modern blues,-0.0004930675131827022,-0.005097476588481656,-0.0034215283450302345,-0.0009787913511491767,0.0008810631751330336,-0.003750242717926784,0
southern rock,1.996879344477582e-05,-0.006374213884460004,-0.0026035137840093626,0.0015268330096841062,9.594773866494103e-06,-0.0016109047102195995,0
jam band,0.0016032134116065553,-0.0076477853304464175,-0.003215713666855096,0.0006316715594208962,-0.0013342562808108481,-0.0017037088643284582,0
blues rock,0.002006723480951658,-0.007840403607581582,0.0006221776895043421,0.0036183978077872197,-0.002471015627090119,0.0018921513448219055,0
nashville sound,0.0008074440881994462,-0.008606889465546911,-0.005594965868425939,0.0018316732519806634,0.003921821129924233,0.002668856222847749,0
arkansas country,0.0015401627436329522,-0.007858920687553788,-0.0030615429451808325,0.0028852788603650047,0.002477906390651142,0.0020640038366022046,0
adult standards,-0.0025256131803363113,-0.012442869286435898,-0.003393904449109948,-0.0014698523582880399,0.00481090002894345,0.013314356921966407,0
psychedelic folk rock,4.176906757474515e-05,-0.0012512490149135045,-0.0009293544798936643,0.00041641245112753275,3.473666333527695e-05,0.0009795363664250553,0
kc indie,0.0012676841899557536,0.0001669038532872333,-0.0006668367045912547,0.0007578823428944585,0.0023004953730495735,-0.004136394713912211,0
grunge,0.004385437842401264,-0.007515797477693152,0.007806639945575384,-0.0007862899593791401,-0.030521014463701722,0.002808930403668046,0
dfw rap,-0.0004821050284414051,-0.0005520208729097758,-0.00046699538727253186,0.0005096861537120232,0.00019131123992558677,-0.0014763466347736973,0
sunshine pop,0.005228632697471844,-0.01326333755399866,0.0014305516023008834,0.009514866635921593,0.0015107181323656385,0.00972297538258991,0
tassie indie,8.075749640533658e-05,3.5990756071097974e-05,-3.024725860400474e-05,-0.0003876913330801369,-0.00010610449139904653,-0.0020362147155599097,0
experimental ambient,0.002302883888160207,-0.0037060361774438237,-0.00014949407544114114,0.0031109263876582787,0.003512267093133623,0.009856735169876852,0
drone,0.0009160072845260264,0.0023246691156479245,0.0015031072516420805,-0.0006804602112739635,0.0030860002477204763,0.0054216100479905155,0
ambient,0.0033136236572599764,-0.0026387169453857408,0.005905231310140871,0.0038986026646614124,0.008273341589521177,0.014465743123080107,0
drone folk,-0.0002512379229944032,0.0002813891180563457,-0.0010220258333975911,-0.00024329425160710708,-0.00156372535511164,0.0005077333996561466,0
hopebeat,-0.0037693466001665794,-0.003572397122128098,0.011270130902688887,0.010332544298889933,-0.0011767935288865374,-0.015001878511851034,0
chamber folk,0.003921224439175189,-0.000904937960699875,-0.009151623398227057,-0.003578475053658166,0.0034737190637678314,-0.006228704594275873,0
indiana indie,-0.00040109438389101745,0.0006545340143282341,-0.00026980330774304854,0.0006229559701430573,0.0001152680035232153,0.0010452384173588788,0
olympia wa indie,0.0008435439615018514,-0.00027361626344539643,0.0026153152479315373,0.0006546834193334067,-0.007110827656420571,0.001051807756673178,0
swedish americana,0.0015346803422118427,0.0003172496574171146,-0.001551003444562286,-0.001419082742486415,0.0014277443044233428,-0.002517562678102036,0
instrumental hip hop,-0.0062384802705105135,0.0019167745991388158,0.012486610646437912,-0.007854560775108347,0.010499556561121972,0.005051766363369929,0
meme rap,-0.0005421513920105026,-0.0001724981548594298,0.00022255028355022555,-0.0015454089651775697,0.0004238134379534683,0.00042063774614332943,0
synth funk,-0.006737137729071775,-0.005273208224719139,0.004065851625032808,-0.0054272845361195985,0.00265092562000715,0.00036312496332974474,0
abstract beats,-0.0020039995319348397,2.758510442377059e-05,0.0028783297417095087,-0.003986003952671475,0.00253277320303138,9.786106251962895e-05,0
punk blues,0.0014796957908800278,-0.0015408870411999546,0.006358780488574858,0.00250522501000754,-0.008013741093702204,-0.00296138236204544,0
scottish rock,0.0032075717417635184,-0.00500833831826048,-0.00027820805818519874,0.001607182309022584,-0.0066762834764692415,-0.0008522739380642409,0
british indie rock,0.0008682532375011528,-0.0004587724679574654,0.006735649313197549,0.00127876233681043,-0.004568767421661378,-0.0037153375350239518,0
socal pop punk,-0.00034938795563181255,-0.0008918296276290657,0.001612693124457577,-0.0002998287429392542,-0.0022340531829076454,-0.0009293436981190099,0
sheffield indie,0.0017868077659842422,-0.004824907608409755,0.008739533562513191,0.0020302383801829526,-0.007644835107164395,-0.0028838154853893126,0
new romantic,0.0026512445131463263,-0.03397556838861136,0.017855996155373997,0.0238132397722076,-0.012525479029989784,0.023165361951658955,0
stomp pop,0.0004918275630693997,-0.001612171739251513,0.0010199851057410088,0.0005909953285197463,-0.0025091451364752586,-0.002473932444131409,0
pastoral,-9.116648219323413e-05,0.00019064868267292803,-6.563428127435434e-05,-0.00023147844161350203,-0.0010575303756824943,0.0005483989689925678,0
experimental psych,-9.116648219323413e-05,0.00019064868267292803,-6.563428127435434e-05,-0.00023147844161350203,-0.0010575303756824943,0.0005483989689925678,0
hull indie,-9.116648219323413e-05,0.00019064868267292803,-6.563428127435434e-05,-0.00023147844161350203,-0.0010575303756824943,0.0005483989689925678,0
southern soul,-0.0030262653981432096,-0.0035218103975842093,0.0013951165117554755,-0.000844793918414995,0.0015608129403576405,0.0025067311521997527,0
chicago soul,-0.0005378161503098518,-0.0015752058396460804,-0.0005430085046953022,0.0005749647448163167,0.0017938077067336802,0.0039045435981522967,0
minnesota hip hop,-0.002939755308302845,0.0011811038694838991,0.0011509922724616426,-0.0015532039842509951,0.0039905714159415625,-0.0012360583959639985,0
deep indie rock,0.000844814618873603,0.0002476193157045572,0.007686515315791574,-0.001088557173026336,-0.0036642037922321766,0.0047106220927706196,0
funk rock,-0.005825685414442093,-0.01877175506881475,0.012080690027885551,-0.0059203935622222734,-0.004893145664132434,0.004529858092091949,0
australian rock,-0.00029131075548568814,-0.0014450741817810184,-0.00014355876074133672,0.0015977163307397007,-0.000492031786517684,0.0018897376145130562,0
art rock,0.03126702947194517,-0.0645135995722942,0.050330062043625494,0.04498757180024467,0.0012342152936201305,0.08136157135587271,0
scottish new wave,0.00019569910476987615,-0.002673870283369677,0.0006469856712315905,0.001677204699424262,0.0002884172846631756,0.005110080636060871,0
south african alternative,-0.0012183615029146024,0.0002712887012194034,0.0013610725524635925,-0.0020608478608879024,0.0008137303852328315,0.0022037729280867096,0
brill building pop,0.0016498940158656068,-0.011897210586599476,-0.00452041385129972,0.006908769439447176,0.004124136234122768,0.006141156877155677,0
swedish indie rock,-0.00065264141630761,5.199172390192891e-06,-0.0002116385509607711,-0.0002521484125513601,-0.0008210496293689833,-0.0022649018108793794,0
french shoegaze,-0.0008273420210927665,0.0023726865428952623,0.01085572776825375,0.0013512140503312538,0.0003736706088501046,0.0007333137021825068,0
slc indie,-0.0003226813611393404,5.132883951789189e-06,-0.00023005326705374696,-0.00021515293371413897,-0.0007198682531272565,5.691984818664027e-05,0
dark post-punk,-0.0003226813611393404,5.132883951789189e-06,-0.00023005326705374696,-0.00021515293371413897,-0.0007198682531272565,5.691984818664027e-05,0
french synthpop,-0.0024804141927771846,0.0008600393037061033,0.005970772290823148,0.0008285274692331223,-4.1333638968322947e-05,-0.0005607866100068726,0
emo punk,0.00045258598511339014,0.00034417517749907626,0.0010593851038479566,-0.0007804657693519541,-0.001182908472432831,0.00034945225336827817,0
okc indie,0.004447311748158847,-0.001260180237152267,0.005560824260437958,-0.0023791202711968473,-0.0028045421958547705,-0.0022610167453095873,0
cosmic american,0.0019003386304242346,-0.005082371894942755,-0.004565303816415483,0.0015355115801776074,0.003407860150701648,0.002840620713281624,0
hauntology,0.0004139247963742132,0.0010167318959750315,0.003197624826695704,0.0008157064537153293,0.0040607352258159556,0.004115882743257794,0
intelligent dance music,-0.0020398394411658563,0.00396386572764249,0.02203008297706577,-0.001220740227417873,0.013301119739979187,0.009956099553714058,0
indie psych-pop,-0.00013576346089799588,0.0005522156265506,0.00038445938940761577,0.0006348791077027132,0.001126119134903336,0.0009428606118106126,0
danish electropop,-0.0005445074747992605,0.0004307404208729512,0.0002945901039203914,0.000457507248842757,0.0008621510912959232,0.00044420030935162056,0
french indie pop,-0.0017744456694917157,0.0005553608396736138,0.0028091368664167043,0.0001240601987102986,-0.00033652175878334844,-0.001482081363369322,0
classic uk pop,-0.0005585166811438189,-0.0004715180852139599,-0.00032254117596885535,-0.0015660893551805424,-0.0005797271645310685,0.0015437186647252654,0
abstract,0.001982277229280881,-0.004346848892217979,0.004987763887993874,0.0047769673713362985,0.0033007290843800998,0.01144561184402533,0
glam rock,0.010367897465972147,-0.047225145451764136,0.01235525046661837,0.03336347845679874,0.0023039142530015765,0.04700437538767096,0
hard rock,0.005123363478198193,-0.0194367830726214,0.0030843101646935134,0.008076410205643914,-0.008832180534320291,0.011252581947107241,0
glam metal,0.0008145652270831363,-0.0016298495328651622,-0.0003953769644519669,0.00019742413604202495,0.0012866331069665933,0.002650978262997925,0
welsh indie,0.001222180711308705,0.00011397247371359531,-0.0026165254435448148,-0.0007590495205769983,0.003749499507996569,0.0031323624030078477,0
rock drums,-0.0005185477976783891,-0.0016830886942342039,0.0002482707200422813,-0.001071779978251501,0.0021108328474400643,0.0029288533162925155,0
omaha indie,0.006129726308052729,0.0008878626008927777,-0.005684456363888046,-0.004311644305624049,-0.0026146494574320364,-0.008995806742784091,0
madchester,0.006207813177825809,-0.007586522119314336,0.0073715059468954305,0.0018285643454307293,-0.012596233564669683,0.008425499848093569,0
britpop,0.0026160418333830253,-0.0023411782653857314,0.0047700407109952225,0.001558298618373244,-0.0096701155448647,0.0012055184934040173,0
jacksonville indie,0.0004329441207200703,-0.00034210526109934233,0.0022828973365224023,0.0006108180208463509,-0.0015606057353592928,-0.0002815975158187457,0
post-punk,0.00812191111945061,-0.015186872850024392,0.011573049347798781,0.003927092486054077,-0.014746478511481368,0.003524131072098023,0
uk post-punk,0.007544021270524129,-0.014571760134198402,0.009935423899110679,0.0018943195843704253,-0.01581457606502191,0.006424279861695356,0
art punk,0.008363111686822597,-0.015716052454311232,0.011755842617071119,0.005955559606474486,-0.005088772114023062,0.009130076983996056,0
progressive rock,0.0005984465967191995,-0.013101214058609827,0.0010116149437541394,0.01108474902968265,0.00010050791391471708,0.011901794790792947,0
symphonic rock,-3.152221134939992e-05,-0.011759317460573368,0.0024095474975567373,0.011615989416089084,-0.0003512413365589886,0.014184892036510143,0
beatlesque,0.002206229039432895,-0.010556932987347575,0.0014833491989390069,0.00926116055170861,-0.00030490762831396215,0.012010927557042809,0
jangle pop,0.000849375670944098,-0.002411711945038889,-0.0011673855538344969,0.001497442563206045,0.000763788460059023,0.001233740481112703,0
classic canadian rock,0.009271842883601892,-0.017504734818336126,-0.00826150083003242,0.0035345292080735022,0.005153706059707847,0.002913583003472122,0
east coast hip hop,-0.010638138692130325,-0.004446934240865128,0.004208850280870592,-0.026644373843762975,0.0071220270661814244,0.004038323936322482,0
auckland indie,0.0021516611397703936,0.003571497897610827,-0.00048161107031150706,0.0015149014881375297,-0.008742890984605239,0.004661674557027321,0
nz indie,0.002043567204085223,0.003794277223066166,-0.0007240740169243798,0.0014434470655118865,-0.008577588288873717,0.005001530845091817,0
denton tx indie,0.002624847434520816,0.0018132796865175985,0.0005267484587058005,-0.0036584629178035215,-0.0033968457547151895,0.0020579087676386963,0
furry,0.007247689499727827,0.0023306797120110113,0.002879442118586757,-0.000795478635248456,-0.007965985551469679,0.005354094346998871,0
glasgow indie,-0.00021230733211159757,0.00041684406590284545,-0.0006174845032159671,0.00029264172913541573,-0.0007437035819425978,0.0008021694868306455,0
latin afrobeat,3.806273742927427e-05,0.0001287225445956948,3.193736197011047e-05,-9.702628898513646e-06,-0.001206552318211296,0.0004991361561915773,0
funktronica,0.01516428733239471,-0.00024833432839897225,0.006973549062561888,-0.00311261320525677,0.006337928413873209,-0.019196759826910548,0
albuquerque indie,0.0027626601349817685,0.002625852156138839,0.004125225294593217,-0.0023462191974920016,-0.003143758789020368,-0.004345329622483202,0
psychedelic folk,0.0005765203549675551,-8.147438088161366e-05,-0.00045355156036804305,-0.0003184014778460714,-0.0001608187083519002,-0.0003370380478119944,0
europop,-0.0022115109450864118,-0.006805423211503374,0.0007224700734935884,0.004243942268189711,-0.0005514487464055213,0.0013867178669395926,0
library music,-0.00011178646628115769,-0.0006191473475537565,-0.0003518834249195073,0.00039560824795834687,0.0001897467672960513,0.000740898035126088,0
rva indie,0.0016442992104593736,-0.00128451068506372,0.002901089807109937,0.0015142084433523726,0.0048650010448296165,-0.0002942466335478993,0
lounge,-0.000702744079677003,-0.002149787925116093,-0.0006999017251815405,6.713304690883955e-05,0.0005304964008897846,0.001223281564937336,0
operatic pop,-0.0008346411840582124,-0.00149104082651761,-0.00037508054195036037,-0.00017820616205025636,-0.0005470062877765899,0.0013537779602361439,0
psychedelic soul,-0.0012577930600552259,-0.0019639452140750844,0.003278734230825212,-0.003379930573385823,0.003570845916258484,0.0017623929505147307,0
neo r&b,-0.01189809130400998,-0.0032776948018465937,0.005099696499404662,-0.019397145142898302,0.009756072960060489,0.010382921666151245,0
ann arbor indie,-0.002574285668900442,-0.0021707779198069824,-0.0003444643793666335,-0.0007428596542143487,0.0022879211750375305,0.00024035991946550877,0
neon pop punk,-0.00037273598480179736,-0.004920188757229366,-0.0009225526036246068,0.0029968621893669296,-0.0014745731103534198,-0.006336487256787171,0
talent show,-0.0005218670936897058,-0.0009277399253370352,0.0005757009333007621,0.0007839618844124939,-0.0003986713982002315,-0.005544918595112371,0
pop edm,-0.0008747561199606642,-8.542788671784442e-05,0.0008520215494913215,-0.0005119227830660344,0.0005678756614559486,-0.000706872427348216,0
slap house,-0.0004037422433534157,3.7705961877178987e-05,5.214607357739406e-05,0.0009259916384997894,4.26182078023516e-05,-0.00127935343551976,0
pop dance,-0.002215668377037805,-0.00029699216841848537,0.0015822010575783712,0.00026629772980559256,0.0016888335162459492,-0.0021271200329906247,0
nyc rap,-0.00036732520094789314,-0.00013105795617236995,-0.0003443690155560405,-8.635233996691314e-05,-0.00027950913778826,0.0004225249532306567,0
scottish hush,0.002204637380393972,-0.0014567407005525485,-0.0021205867400100322,-0.0012686680380143119,-0.00220583329980822,-0.00014751098416050185,0
north carolina hip hop,-0.010534655915762713,-0.003805148419578288,0.003639198966351675,-0.028479575762393083,0.006643779583887469,0.00019827070967294287,0
contemporary r&b,-0.014129610419464396,-0.005781342231626875,0.0011186984907191068,-0.019700191306226966,0.0028671660473273404,-0.006141517011553873,0
nova musica carioca,0.0003533879422159759,0.0005533321602490579,-6.134669774006349e-05,0.0002770496215044022,0.0001367189038432911,0.0003336822781272926,0
folk brasileiro,0.0003533879422159759,0.0005533321602490579,-6.134669774006349e-05,0.0002770496215044022,0.0001367189038432911,0.0003336822781272926,0
australian r&b,-0.005609590997149039,-0.0016987258778835344,0.005844225893979569,-0.009790329519062784,0.005879604330383854,0.006935889028282943,0
minneapolis sound,-0.0071102687708516025,-0.005880173083261164,0.002500492335918573,-0.005738995332524691,0.0018551385902034858,0.0009177927481588677,0
norwegian indie,0.0017237157908908047,0.00018886847786296962,0.0003397565775684406,-0.004367573152317373,0.0034465075009295675,-0.006365889986009419,0
bergen indie,0.00047723418366375596,-0.0016193386892911987,0.0006798398556256531,-0.00652561517821823,0.005117364834787396,-0.006284820287813103,0
el paso indie,-0.0001770713669117432,0.00025659614077581445,-0.00021451155509710884,0.0005609643358028303,-0.0011674685374360935,0.0005119227070569456,0
western americana,0.0018371715023941815,-0.004620912591098002,-0.005906354005354819,0.00032149680341841003,-0.0016590996644245664,-0.0019772554001949807,0
danish post-punk,-4.592728236018923e-05,-0.0004964433941254839,-0.0004163583081177181,0.0001685008243487085,0.00016821931166892593,-0.00024941819151377825,0
danish alternative rock,-4.592728236018923e-05,-0.0004964433941254839,-0.0004163583081177181,0.0001685008243487085,0.00016821931166892593,-0.00024941819151377825,0
australian indie rock,0.0001163165169649858,-0.0019786575598930885,-0.0027431546699384205,-0.0003869900943544838,-0.003577221767435301,0.0005479908334801008,0
alternative metal,0.002155669598189754,-0.0047894270921395275,0.00435222247913723,0.0007838686939511359,-0.01861776382671318,0.0010471665048406894,0
icelandic indie,0.0006247407248683137,-0.0008971763292949629,0.0026561093710496027,0.0024954089034898053,-0.002562714664066603,-0.002354066448105791,0
japanese electropop,-0.00040741631787373473,0.00026548325599941004,0.00035761842518212164,0.001532008098781366,0.0006995480136987518,-0.0012197371532730325,0
supergroup,0.0029169056429751393,-0.0075491847266128944,0.002690403974885552,0.0028386681730385617,-0.00813341026099036,0.0003533059180086018,0
spacegrunge,0.0005363372911854871,-0.0010467670278290699,0.00020807379951342118,-6.424529153375132e-05,-0.005195775495545009,0.00044792872234485846,0
zolo,0.005775245849764042,-0.00928913769726165,0.0085043305852196,0.001605858105501072,-0.010196786302157751,0.0006748121199949527,0
celtic rock,0.000212628223263394,-0.0017389038305909656,4.7482212194121016e-05,0.001216380595145826,-0.0004595816889094076,0.0016004638842579582,0
outsider,0.0004277696151019063,1.0360208375193157e-05,-0.00035196068132310873,-0.0004288639389106503,-0.001110453949379489,0.0009281526835770946,0
uk doom metal,-5.898253897711418e-05,-0.000373211529629474,-0.0002395289933506938,-0.0004719113981007506,-0.0011037339186630367,0.00020072461927062485,0
stoner rock,0.00022203578336467173,-0.0009330758048466079,0.0009992513629207874,-0.0005692974279996825,-0.0037967917864816414,0.00016083774949391956,0
metal,-5.898253897711418e-05,-0.000373211529629474,-0.0002395289933506938,-0.0004719113981007506,-0.0011037339186630367,0.00020072461927062485,0
birmingham metal,-5.898253897711418e-05,-0.000373211529629474,-0.0002395289933506938,-0.0004719113981007506,-0.0011037339186630367,0.00020072461927062485,0
christian punk,-0.00014457306517315406,-0.0005843795755239253,-5.305973757381925e-05,0.00029533498272104106,-0.0007658680451278148,0.0008140124927967772,0
show tunes,-0.001671859591522222,-0.00243404771949273,-0.0005134445801812658,-0.0017085888384064628,0.0009016247966302096,0.0004910222549398568,0
movie tunes,-0.0003302122570827265,-0.0013031045882254573,-0.00032726353930598946,0.0018340221625605855,0.001357610923751676,0.0003633595386780065,0
hollywood,-0.0005956455102846215,-0.0015860171335856457,-0.0002403854178901786,0.00010788635430177832,0.0007387724787214058,7.699525901911757e-05,0
indie fuzzpop,0.0013844479694922907,-0.0013880782627346702,0.0006947528178477016,9.944783366542589e-05,0.0015092685248531935,0.0009300855742563856,0
garage rock revival,0.0015778065828005272,-0.002143987536629599,0.004904027159065606,0.0004341970112592074,-0.007946991697442214,-3.279977821607654e-05,0
stoner metal,0.00028101832234178603,-0.0005598642752171341,0.0012387803562714814,-9.738602989893109e-05,-0.002693057867818603,-3.9886869776705585e-05,0
palm desert scene,-8.181520900207617e-05,-0.0007126510860728742,0.0012496127371809402,-0.00015137936136327404,-0.003158051345586866,-0.00033797822002987524,0
tempe indie,0.00013400092087801127,-0.0007772419687136642,0.0007467929882520104,0.00011520874408436195,-0.0020908884914491556,0.0001032109158068717,0
austin rock,-0.0006650137756042913,-0.0014429839651092233,-0.0008551224482047455,0.0012334790750573514,-0.0007909348257895473,-0.0011329572536268057,0
alaska indie,0.00023380942246512308,-0.0003917188421659405,-0.0013238496652459215,4.684942561947856e-05,0.0007347806660888067,0.001589493675294253,0
austin singer-songwriter,3.7871424486941945e-05,-0.00017912754761231425,-0.000479535802575803,-0.00021934859523997183,0.0002818685669604437,-0.00029500178364915157,0
gangster rap,-0.007461335037350441,-0.0030666115475675207,0.005930551343012011,-0.016444404144738016,0.006076520013099624,0.002351622793357467,0
crunk,-0.0005838192764153751,-0.00023238018081553753,0.00013351162515626934,-0.0020033702724604908,0.000463884450249957,0.00038076498119413036,0
memphis hip hop,-0.0005838192764153751,-0.00023238018081553753,0.00013351162515626934,-0.0020033702724604908,0.000463884450249957,0.00038076498119413036,0
oxford indie,0.018299602952050797,-0.013127875741664923,0.032383543863949704,0.003057479765585607,-0.01217887798293458,0.009549666950065738,0
aussie emo,9.071275333308243e-06,0.0004525749287103676,-0.0003845411765798243,0.00011638340300969879,-0.0008839161290282601,0.0014015038813819272,0
electrofox,-0.003664029383983778,-0.0010908211766720078,0.009150367076543051,0.002770654719825265,-0.0013915466427796533,-0.010797449403396744,0
nu disco,-0.005960252659791462,-0.0015250711646482328,0.01229560140158434,0.002659387215328162,-0.0017908845399593307,-0.015368281239141971,0
houston rap,-0.0009170547610891823,-9.065620857232591e-05,0.0004229245082127777,-0.0005477074814954923,0.0009354447848550795,-0.0003736649688349817,0
minneapolis indie,-0.001953475041145736,6.183010928705355e-05,0.002194679094468356,0.0032343087412920178,0.000921838674348883,-0.004347066243740168,0
swedish soul,-0.0010321264973070356,-0.0009038814241198161,-0.00019027473260808982,0.0006558716142428505,0.0010727794028932201,0.001069183639258698,0
braindance,0.0005653937158011865,0.000116395523532222,0.0024419160415699477,-0.0003984248475038486,0.0005820885226332333,0.00010138214619188144,0
british soundtrack,0.0016073065964165713,-0.0010702008611424552,0.0009716640884664734,0.001148038648815644,0.004222341974824332,0.000347168238704351,0
british contemporary classical,0.0016073065964165713,-0.0010702008611424552,0.0009716640884664734,0.001148038648815644,0.004222341974824332,0.000347168238704351,0
scottish singer-songwriter,0.0009656160726245813,-0.004334884416653912,0.0018490225287578232,0.00036742481234190645,-0.0023378091522742914,-0.004154663669856803,0
harlem renaissance,3.71031091987145e-05,-0.0011022639189179183,3.987382822831956e-05,0.0004166814675375684,0.0014788362905680606,0.0025344420097954926,0
jazz blues,-0.0027211024074939422,-0.0034701069644183786,0.0001316110800757288,-0.003177370574923651,0.0037692074186484455,0.006559891177005928,0
swing,-0.0021572441332521103,-0.003351441788469436,-0.0004539937032563124,-0.001611688884894338,0.001682106897343287,0.004568576656640347,0
torch song,-0.001954158347194499,-0.004257157748657242,-0.0004944905451814529,-0.0012665057628826663,0.0029075717219797905,0.006068566482186099,0
vocal jazz,-0.012268464332373462,-0.015407074919470375,-0.004801846525055561,-0.020904512817634797,0.011952872360611199,0.014682333961434372,0
golden age hip hop,-0.00290390536146396,-0.001214301298634055,0.00045720193594303235,-0.007446719457532124,0.0014240657225079324,0.0014929877621348618,0
old school hip hop,0.0002926395508305003,0.0001480174672491807,-0.0003591089546420252,-2.372234742906709e-05,-0.00015754346939348318,0.0012284813199494658,0
rap rock,0.0002926395508305003,0.0001480174672491807,-0.0003591089546420252,-2.372234742906709e-05,-0.00015754346939348318,0.0012284813199494658,0
mpb,-0.0012550179056770932,-0.0010666682970806626,-0.0012859049523531437,-0.0012597410338405718,0.00019983660143188487,0.000513317082987847,0
jazz pop,-0.0036657318964169803,-0.00936234791944943,-0.0023424049099705405,-0.008790100632507965,0.00813617910347169,0.006591437350418264,0
bossa nova,-0.0012550179056770932,-0.0010666682970806626,-0.0012859049523531437,-0.0012597410338405718,0.00019983660143188487,0.000513317082987847,0
samba,-0.0009111037482487141,-0.000756383845762637,-0.0010099117798117272,-0.0008199591896333291,0.00021410277279072738,0.0004235350220770994,0
samba-rock,-0.0003089009699776446,-0.00032479400058816346,-0.0003678298706731604,-0.0002941204312253553,-0.00019513477247860514,-0.00012374433017306604,0
contemporary jazz,-0.008051672825083492,-0.006110957804386562,0.002044331546106613,-0.01537071828575127,0.004610325685639524,0.008383124111323123,0
brazilian jazz,-0.0005376872381758889,-0.000739428427834679,-0.00011999660695738058,-0.0009500021373961647,0.0008641526121240928,0.0016869243536974058,0
tropicalia,-0.0006528151274060245,-0.0006350784519061895,-0.0006438230432145765,-0.0007339022754325979,-0.00020940094383744792,-3.396226926231866e-05,0
psicodelia brasileira,-0.0003089009699776446,-0.00032479400058816346,-0.0003678298706731604,-0.0002941204312253553,-0.00019513477247860514,-0.00012374433017306604,0
electric bass,-0.0020841435421190975,-0.0026183533125048422,-0.0018311912716812233,-0.0053038765196561834,0.007197456370477665,0.007163126898648283,0
retro soul,-0.0046231616840949575,-0.0016277601538026135,0.0011464700872859332,-0.00401302752882216,-0.0017130015267152227,-0.0020411629721098436,0
jazz trumpet,-0.00375558822311579,-0.0017319806064918745,-0.00032492381849296467,-0.005168349631204011,-3.7053260480727515e-05,0.0014065760661262393,0
cool jazz,-0.0019640268200080083,-0.0011505030266483831,-0.00038821840867752885,-0.003042593313226933,-0.0002709178740326105,0.0008164400971182219,0
contemporary vocal jazz,-0.0022526057950555743,-0.006473629597297103,-0.0021690026015902314,-0.005181928305782204,0.0007248967921168123,0.0012954340476165483,0
detroit indie,0.0019224809920304574,0.0016728832082123983,-0.0003177330239595186,-0.0017394568623294343,-0.0068591796027685755,0.006141216639984214,0
soul jazz,-0.0011919105507795641,-0.001721183798178729,-0.0005090508428357212,-0.0011988911644309737,0.0007125110001648505,0.0011577681631390235,0
soul blues,5.2239724823865423e-05,-0.0002645546042263714,0.0004530415678735058,0.0001083210681561614,0.0014725869161738713,0.001585883211558654,0
glitch pop,-0.00013867238221084753,0.0013841966724905627,0.002045096472340616,0.0008942355140783895,0.0004774630021237816,0.0013967810577414687,0
australian singer-songwriter,0.0003012211120529533,-0.00016880370783013817,-0.0008443694350313319,-0.0012633709193876602,0.0005120100245089599,-0.002825186330142445,0
swedish country,0.0006726987670989328,0.0006304179475254711,-0.0002693464166709994,-0.0003343746680707293,0.0006373176203722488,5.5775951735816974e-05,0
irish pop,0.00010649368466300915,-0.0004762372831930087,3.97289195256968e-05,-0.0003004042434991936,-0.0006042647333171298,-0.0005969753914838229,0
modern jazz piano,-0.0036138135537840356,-0.0021947151370355087,0.002269577516872566,-0.008164496509334422,0.0024083724117423457,0.0042063692629771875,0
g funk,-0.0025508285092774295,-0.0009507522580538017,0.002134773913953998,-0.005174891749835289,0.001959113318883254,-0.001050404009550438,0
japanese r&b,-0.00047530934914120215,-3.194724031074719e-05,0.00015773633343391295,-0.0003927655907732087,0.0005684509696535538,-2.8647842764963998e-05,0
city pop,-0.00047530934914120215,-3.194724031074719e-05,0.00015773633343391295,-0.0003927655907732087,0.0005684509696535538,-2.8647842764963998e-05,0
blues,-3.2199302381971975e-05,-0.0005010547059244497,-5.6292483238315156e-05,5.300880086869153e-06,-0.0010841249237174963,0.000508391936418101,0
kingston on indie,0.000971837982742596,-0.0027211732184502456,-2.0852648313116106e-05,0.0005922316549750111,-3.11963434837962e-05,-0.0013321958151172781,0
high vibe,8.052177710085193e-05,-0.000271133688408043,-0.0005366827030560842,0.0001955640859516666,-0.00017071156183265019,-0.00032051138602331747,0
shamanic,8.052177710085193e-05,-0.000271133688408043,-0.0005366827030560842,0.0001955640859516666,-0.00017071156183265019,-0.00032051138602331747,0
bluegrass fiddle,1.5941066901013892e-06,-0.00016241524851626256,-0.0006667128574822901,-0.0007926505949844025,0.00011741665536752522,-0.0009565102032820538,0
indie jazz,-0.006732109321160523,-0.0016781013782750202,0.003871129955156389,-0.01226972905260437,0.006813581391496355,0.008481936428565266,0
modern funk,-0.0020191286074624946,-0.0005661300648485756,0.00018883064754302237,-0.0026626742628613424,0.0011065329526572735,0.0008307177248260929,0
experimental folk,0.002247240423703855,0.0022360341882275386,-0.0021833089914023106,9.305872062612003e-05,0.0072321203163948624,0.003709367014558707,0
easy listening,-0.0005909576133958449,-0.0015306405775623387,-0.0003480183002620328,-0.0003284752010495073,0.00034074963359373385,0.00048238352981124703,0
swamp rock,0.00015357563968700227,-0.0012392516149302133,-0.00016517424408914001,0.0007691220425301284,0.0005816363145814217,0.0008004029555393598,0
canadian shoegaze,9.654113131450199e-05,-0.0005056123074293217,6.009075240248032e-05,-0.00013718382751625602,-0.00135945852326049,0.0002655162450125545,0
french psychedelic,-0.00017950614446946722,0.0015796962023015434,0.007703210638283402,0.0006317135064118627,-4.3767371512644666e-05,-0.0015357802359788574,0
indie rockism,-0.0003236507893669513,-0.0010887959555433873,0.003057139311107667,0.003104503985592151,-0.0004945912185378058,-0.0016425644973224274,0
christchurch indie,-0.0007079022853749607,0.0016548256824999866,-0.0006283888111202926,0.002849097887935297,0.0008464664136922492,0.0011675327124107675,0
iowa indie,0.001263205105007898,-0.0011973283584217832,-0.0018136185637766975,-0.0008615131586703879,0.002377933189456476,-0.0007331871406929354,0
charlottesville indie,-0.0004739419601568205,0.0007507098368511528,-0.0010056607669123856,0.0007366806103079964,0.00011554420148001051,0.00039126746074561884,0
popping,-0.00047877829789145723,0.00016362360871465637,0.0011044842473169644,-0.00014330313565078851,0.0003464494145734679,-0.0007043227808466664,0
nouvelle chanson francaise,-0.0005071003046600029,0.0005934217882372647,0.00036657589353825647,0.00040720394409769593,1.4433553204844791e-05,0.0018066414258623513,0
french pop,0.00013405381038664733,0.00045098270563043624,-0.00017130959315006893,0.0003520536269389635,-0.0005948761891933873,0.0007927265664040084,0
bebop,-0.0020143083533333476,-0.0010595943601102113,-0.0007303950983038765,-0.0029090203089951337,-0.0008941499405423866,0.00045848141179222494,0
jazz saxophone,-0.0015404876709047487,-0.0010515333873723515,-0.0002698420755737624,-0.0028165802670416236,5.19602708729349e-08,0.001716302629223336,0
big band,-0.00038661977272583936,-0.00025054447496740927,-0.00023823085106976203,-0.0003687485478167887,-0.00034339734211464884,0.00011929257519256073,0
free jazz,-0.000637013048356955,-0.00038402446901770126,-0.00040841783989278716,-0.0009986360277809867,-0.0006608944119368064,8.203869417861807e-05,0
smooth jazz,-0.0014319108929830998,-0.0019349214181879498,0.0002405091564884204,-0.002383394405294914,0.0013299401518917498,0.0035908646904740343,0
rock-and-roll,0.00021353725217914966,-0.0007954471049145794,-0.0003016750690687166,0.00043984024692809943,0.00011416579844866221,0.0007760599061155458,0
bubblegum pop,0.00021353725217914966,-0.0007954471049145794,-0.0003016750690687166,0.00043984024692809943,0.00011416579844866221,0.0007760599061155458,0
a cappella,-0.0007001878298620899,-0.0010305161487480263,0.0001456528832357306,0.00035236417576231446,-0.000230311230585021,0.000639095190304987,0
philly rap,-0.0017211425606649955,-0.0007225319924907983,0.0003402065505639185,-0.005578587028186602,0.0012076735970220373,0.0011217232117401875,0
indiana hip hop,-0.0005564856152085181,-0.00018607393778639976,0.0001316115963065531,-0.0014983056324762599,0.00041964692488463055,0.0004900502572255425,0
san diego indie,-0.0005399577195759381,0.0002170732323688906,-0.00010424565723213711,-1.9371101610781385e-05,-0.00019938000643042795,-0.00010733861210503762,0
german pop,0.0007604329896076992,0.0005347127323585167,0.001110302846105013,-5.953597049429818e-05,-0.0007384319263644476,0.0006722544539992466,0
drill and bass,-5.356444674977053e-05,0.00011132165990029997,0.002958543894723195,0.0006638248159059715,-0.0004438446474265126,0.0017968872737991986,0
hardcore hip hop,-0.007240110663142718,-0.003454636445305571,0.00361457136025306,-0.021317421374773708,0.006392088041064176,0.002927570584750287,0
australian reggae fusion,-0.0006974948166107061,0.00038192919197152595,-0.00026493692404285505,-5.016278275038051e-05,0.00024682873776487376,0.00021234389778762022,0
canadian modern jazz,-0.00108666159529576,-0.0010292778701734427,0.0009815860240012257,-0.0014342595712270557,-9.846866756901249e-05,0.0020237132927663154,0
argentine jazz,0.00022909222835830042,-0.0006937529208663733,-0.000437731084424218,-9.194341694794786e-05,0.0004411124801935624,-0.0003750607358153752,0
kent indie,-0.0009797386950383897,-0.00017492946277915394,0.0021120307151385716,0.0012084577835047474,-0.000658883836999238,-0.00648396825217046,0
souldies,-0.0001010305313130981,-0.0012594861869114357,-0.0009655328213485469,0.0008594473926870215,0.001490052509501421,0.0023176959400594424,0
brazilian modern jazz,0.00010248079418939325,0.00018341371154921427,-0.0005641995461629425,-0.0005252587703401843,0.0004254313449356678,-0.0003085135040574283,0
victoria bc indie,0.00032761372729402924,0.00020247089893178893,-0.000334085005944947,0.00024468481443069086,4.5405567129234196e-05,-0.0003327679808745532,0
tulsa indie,-0.0004560865362693601,-0.00014809036102132248,0.00020269827770965935,0.00015634029953323397,1.7347100679229387e-05,-0.0007309085302643483,0
freestyle,-0.0003499266329591083,-0.0013681551398035331,0.000500380538035836,0.0010554804849534066,-0.0006206196073365763,0.0007349525852338836,0
swiss indie,-0.00039053644175898863,0.0005034089052233454,0.0001897798048704736,-0.00157984737114756,0.000506275563531201,0.0014321658706028927,0
swiss rock,0.00011411047204264484,0.0006083396234460365,-0.0002389089093193513,-0.00017441640015093592,-5.27621286166141e-05,0.0009781647682968828,0
canadian latin,-0.0005506893757267942,-8.729514142841242e-05,0.00016337843920885916,-0.0008762215225648909,0.000569949495176359,-0.0001746600663581172,0
cali rap,-0.0016303915655973874,-0.0006090695955039294,0.0003529706550838443,-0.0038107506024703587,0.0011627207044371476,0.0008455475539594804,0
traditional funk,-0.00047014491562517635,-6.76371158183911e-05,0.00019872521553720808,-0.0007342638131261173,0.00045335468187534975,0.0008143044370923616,0
hi-nrg,-0.00023810794562443264,-8.822276650235877e-05,0.0003823095875565093,0.00030646269192987854,-0.0004914940843145723,-0.0006924072378701743,0
french post-punk,-0.00023810794562443264,-8.822276650235877e-05,0.0003823095875565093,0.00030646269192987854,-0.0004914940843145723,-0.0006924072378701743,0
french indietronica,-0.0021781725229249073,9.256049639252766e-05,0.00323893264134793,-0.0007766738038727948,-0.00027308736489997106,-0.0025859014067091714,0
norwegian pop,-0.0005929895437828237,-0.000447114711797662,6.82490830271691e-05,0.0003998453850662096,-0.000333342008166139,-0.0009502904629447382,0
classic french pop,-0.0003433979371827349,-1.0118581962611001e-05,-0.00016692160162220095,-1.3187978137565826e-05,-0.0003563457925449379,-0.00020935478481541974,0
chanson,-0.0005891414265161125,0.00017603752699343731,0.00040433570709365644,-7.967284234429685e-05,0.0002620290789691837,0.0010922664070617569,0
western mass indie,3.0373654647908032e-05,-0.0005624426800890151,0.0011016659561238521,-0.002085250520546975,-0.0015312707203034898,-4.728988440496774e-05,0
newcastle indie,-0.0005221708932491972,-0.000137004313752684,0.00010875056769599294,-0.0009792032399866333,0.00045025400649152843,0.0003815345770732855,0
uk contemporary jazz,-0.0010163108707009285,-0.00029491328233451764,9.609350034612562e-05,-0.00144691300360207,0.0005268643953259987,0.00010076903235911586,0
punk,0.001001110521417337,-0.0014120091685249833,-0.00012498148697803713,-0.0009307579186154467,-0.0005773498192980089,-4.8541361420973805e-05,0
columbus ohio indie,0.0007246645734388153,-0.0005227495304313371,-0.0004072141761596678,-0.0013681493566912283,-0.0008698411030730961,-0.001330763545136529,0
french rock,-0.0002457434893333772,0.0001861561089560483,0.0005712573087158573,-6.648486420673072e-05,0.0006183748715141214,0.0013016211918771756,0
jazztronica,-0.0019359366149171821,0.0012772024341233192,0.005584051519865582,-0.0012782419950725088,0.004829950936577493,0.0015977144579230188,0
glitch hop,-0.001654092051476908,0.0017486726044413166,0.007404285740498959,-0.0013679643039762766,0.005130279973814068,0.002156120928218518,0
glitch,-0.001225907230270626,0.001940980994475153,0.007084620182720544,-0.0019047354034754786,0.005301234003322892,0.0011916474351661723,0
new orleans jazz,-0.0004142660981313905,9.409231124901809e-05,0.0003852718485956533,-0.0002153720367629323,0.0004671201421574649,0.0002136932513944098,0
experimental jazz,-0.0004142660981313905,9.409231124901809e-05,0.0003852718485956533,-0.0002153720367629323,0.0004671201421574649,0.0002136932513944098,0
london indie,0.0010478794502029932,0.0007427231521019034,0.0025805230172693096,-0.001664016720401162,0.0005665440931820105,0.0018648801417224061,0
dutch r&b,-0.0004941399774517312,-0.00015790896858183367,-1.2657067349867244e-05,-0.0004677097636154368,7.66103888344704e-05,-0.00028076554471417,0
dutch pop,-0.0004941399774517312,-0.00015790896858183367,-1.2657067349867244e-05,-0.0004677097636154368,7.66103888344704e-05,-0.00028076554471417,0
danish jazz,-0.0004941399774517312,-0.00015790896858183367,-1.2657067349867244e-05,-0.0004677097636154368,7.66103888344704e-05,-0.00028076554471417,0
british jazz,-0.0008234404439025697,-0.0003326637007652038,1.5799119789582935e-05,-0.0007330093639801233,-0.00020802571776877972,0.0001844892469028773,0
pop lgbtq+ brasileira,-0.0007693711940456651,-0.0005125456026097173,-0.00045024905824872627,-0.0008583049463918557,-0.000252054990830958,-5.7829635904337256e-05,0
sacramento indie,-6.593414931501125e-05,0.0006285266651460419,0.0022070892678627,0.000916330918685812,-0.0008808636250447074,-0.0016394821113102347,0
progressive jazz fusion,-0.0019498665339143177,-0.0016576232499542127,0.000610562418179181,-0.003532960237878515,0.0007386579037746724,0.0032918599900462193,0
samba de roda,-0.0003439141574283792,-0.00031028445131802616,-0.00027599317254141614,-0.0004397818442072426,-1.4266171358842858e-05,8.978206091074733e-05,0
timba,-0.0003439141574283792,-0.00031028445131802616,-0.00027599317254141614,-0.0004397818442072426,-1.4266171358842858e-05,8.978206091074733e-05,0
mod revival,-6.971063381147273e-05,-0.0005920706086160921,9.273896695149853e-05,0.00011975155449296919,-0.0005352254383448422,0.00032649393646130473,0
ska revival,-6.971063381147273e-05,-0.0005920706086160921,9.273896695149853e-05,0.00011975155449296919,-0.0005352254383448422,0.00032649393646130473,0
liverpool indie,-6.777701036595369e-05,-0.0028331553372324177,0.004306983232294974,0.0023225839008719946,-0.0042955375389999145,-0.004713292600603097,0
audiophile vocal,1.8214412609530512e-05,0.000102617691174145,0.00018583413041724984,-0.0005492143517647364,0.00034016780267863065,0.0001935633932226236,0
dark disco,-0.0003455942067710222,2.5511533280141895e-05,0.00042067748049512654,-0.000885700729186526,0.0001856842544311006,0.00024397914145906445,0
deep groove house,-0.0002762028056647964,0.00025119728924265157,0.0007380433334571584,0.0009598738133747052,0.0007056402911941104,-0.00021937442460298444,0
canadian post-punk,0.000197696579935054,0.0003772450778927304,0.0005495679572578362,-0.00018843831046255614,-0.00019711305309454288,-4.865434651621996e-05,0
pop r&b,-0.001665778741279711,-0.00029727350824470855,0.001252482639715784,-0.0012814476462154405,0.0006476268867166352,-0.0017858542259366803,0
memphis soul,-0.0009347569455576197,-0.0009135465138258296,0.0010779563500108646,-0.001270881342825585,-5.729808236458083e-05,0.0007038827651941942,0
texasgaze,3.72810449806886e-05,0.00026569490121918795,1.6765647790799273e-05,-1.9093065920350818e-05,0.00023008335771867655,0.0008532129238718169,0
welsh rock,0.0005589734853002453,-0.0008528601022050141,0.001419914501247349,0.0004556597098453562,-0.0018379220407946115,-0.002261810671599208,0
birmingham indie,-3.0140695385340804e-05,0.00019429264526238347,0.0009198026100700628,9.85478150907233e-05,-0.0006642173076126943,-0.0019303316336414067,0
northern irish indie,-9.789609140691308e-05,-0.0006761914857682432,0.0025042774889789563,0.0012180773214918897,-0.0023233390372036935,-0.0031517535957126066,0
new orleans funk,-0.0003751510081063645,-5.9949269980518774e-05,1.90674799035987e-05,-0.0014289053262149336,0.0009181265454847674,0.0007116079919725917,0
mississippi indie,0.00031571279576667836,-0.0013365378501179405,0.0006486443920806838,0.0009202026418836238,0.0007928987625482628,-0.00028167019565348704,0
canadian house,-0.0007678905601339163,0.00021295454653477716,0.0039016827190441116,0.0009555903477030003,0.0004339179849142604,-0.00251448898467648,0
canadian electronic,-0.0007678905601339163,0.00021295454653477716,0.0039016827190441116,0.0009555903477030003,0.0004339179849142604,-0.00251448898467648,0
swedish alternative rock,-0.00015097396236263017,-0.00011025019641276036,-0.00013729612627163618,-0.0001243015194683002,0.0002680156966764754,-0.0008504713589767215,0
post-minimalism,0.0002746912580361408,0.00022897508768968187,0.0004136675348698548,-0.000416718406414469,0.00018454737119328156,-0.000181616103423669,0
hard bop,-0.0005625957042369236,-0.00031736618776174644,0.00014278656588130207,-0.0012810025742335251,0.000354068902208361,0.000571724717399903,0
christian trap,-0.0013953500627608571,-0.0004666045336021175,-8.020020940537719e-05,-0.0021236720630089397,-2.0598250874201443e-05,-0.00033479779261900283,0
christian hip hop,-0.0013953500627608571,-0.0004666045336021175,-8.020020940537719e-05,-0.0021236720630089397,-2.0598250874201443e-05,-0.00033479779261900283,0
new orleans rap,-0.0005067722176265399,-0.00015726341185723832,8.801900010672629e-05,-0.0009881606244915493,0.00018809748819411903,-3.86892835779775e-05,0
bounce,-0.0005067722176265399,-0.00015726341185723832,8.801900010672629e-05,-0.0009881606244915493,0.00018809748819411903,-3.86892835779775e-05,0
one-person band,0.0003382727249779096,-0.00023592512350251445,-5.493672217517604e-05,-0.0006616941094615613,-0.0004713329337976477,-8.937829389163989e-06,0
contemporary classical,0.0004715433698078638,-0.0008767702240436667,-0.00021801139943781092,0.00015233238046617024,0.0005470583985930046,-0.0007071587799367285,0
classical,0.0004715433698078638,-0.0008767702240436667,-0.00021801139943781092,0.00015233238046617024,0.0005470583985930046,-0.0007071587799367285,0
american contemporary classical,0.0004715433698078638,-0.0008767702240436667,-0.00021801139943781092,0.00015233238046617024,0.0005470583985930046,-0.0007071587799367285,0
virginia hip hop,-0.0009375217370881771,-0.0002840602106359368,0.0005008371910270736,-0.003001765892031298,0.0009795028301685688,0.00043423196931799434,0
dirty south rap,-0.002983516823080043,-0.001471184259410339,0.002402445347196587,-0.006451472100370071,0.0015304562721346246,0.0006680914707049516,0
ohio hip hop,-0.00045394378207798744,-8.959593324496418e-05,0.00039334892187998626,-0.002065742376993982,0.0007805548061077206,0.0001325839735070132,0
slam poetry,-0.0006447419719674841,-0.00031977821161611775,0.00018071515940772557,-0.00207256545943859,0.0006521638905402066,0.0003519391149994398,0
afropop,-0.001101876814611337,-0.000499018110826264,0.0036660478577427856,-0.0026396106134686185,0.002135264713216273,0.0019022791154430308,0
afrobeat,-0.0006447419719674841,-0.00031977821161611775,0.00018071515940772557,-0.00207256545943859,0.0006521638905402066,0.0003519391149994398,0
queens hip hop,-0.004942241260984147,-0.002175365564166441,0.0013755233531709153,-0.01199803456932193,0.002760207554310533,0.00012403342616678771,0
jazz rap,-0.003727069654288787,-0.001569126409938779,0.0008491047571984624,-0.008687492644124838,0.0017945747808016132,0.0002779438259081977,0
diva house,-0.001238619273078515,-0.0005549673044903517,0.0005885556123493649,-0.0025591262837194894,0.0011259200555980375,-0.0004670949258398814,0
hip house,-0.000890224197584824,-0.0003769819436910492,0.00010823974694296262,-0.0009640748528278953,0.00034652727806779547,-0.001318324291093504,0
cincinnati indie,0.0004287320175053278,-8.80853328178995e-05,0.0010348634596490562,-0.0006165499842006641,-8.666481687029143e-05,0.000975029775590985,0
icelandic post-punk,0.0004830988044589195,-0.00015691768193582176,0.00040870338987947463,-0.0004737027060272221,2.3629870842664626e-05,-0.00041912249577856747,0
modern country rock,0.0006359175142103514,-0.0006149930098408433,-0.0004900111108384762,-5.091489950590225e-05,0.0008650173248659573,-0.0009978485841733505,0
indonesian jazz,-0.0009909178875421763,-0.0008449690819721121,-0.00022449613158775984,-0.0016337417919058106,-0.0004649162404847269,0.0011131324963173542,0
broadway,-0.0007130886194930464,-0.0022825998548745073,-9.488617012656697e-05,-0.0013278096096555434,5.495591490163405e-06,0.0002723246687506319,0
nu age,0.0002724547314899915,0.0003182174942837076,0.0007141647042442434,-0.00032654800925004227,0.0005051214666377754,0.0003939992546294634,0
oc indie,0.00042073629939394015,-0.0007726770301892845,0.001035911859766817,9.680125641964233e-05,-0.0015172690543912113,0.0001962576795533359,0
contemporary folk,0.00042073629939394015,-0.0007726770301892845,0.001035911859766817,9.680125641964233e-05,-0.0015172690543912113,0.0001962576795533359,0
canadian folk,0.0004769038748996565,-0.00024247203112897383,-0.000260223620799462,-0.00018435465922439213,0.0013325390378827009,-0.00012754149891153627,0
cuban alternative,-0.0004571348426438529,-0.00017923989921014567,0.00348533269833506,-0.0005670451540300307,0.0014831008226760672,0.00155034000044359,0
puerto rican indie,-0.00014313563614471377,0.00029955798264333085,5.8034177716443084e-05,-0.00022112379463157594,0.0006454377587275258,0.0011858630443514525,0
latintronica,-0.00014313563614471377,0.00029955798264333085,5.8034177716443084e-05,-0.00022112379463157594,0.0006454377587275258,0.0011858630443514525,0
memphis americana,0.00037310646897359406,-3.199134241734497e-05,0.00028042858750826355,-0.0003950828392903116,0.0006616209218100148,-0.0009505181875647775,0
french hip hop,-0.003719949987042725,-0.001477327795489358,0.0007169539743303116,-0.006354078285199083,-6.792423510792698e-05,-0.0016509676356962675,0
cloud rap francais,-0.0005500461520447876,-0.00018396668554571834,4.486133635265436e-05,-0.0010205354277036758,0.00023356571623090394,7.462815774793565e-05,0
avant-garde jazz,-0.000329300466450838,-0.0001747547321833701,2.8456187139450204e-05,-0.0002652996003646868,-0.00028463610660324994,0.0004652547916170464,0
spiritual jazz,-0.000329300466450838,-0.0001747547321833701,2.8456187139450204e-05,-0.0002652996003646868,-0.00028463610660324994,0.0004652547916170464,0
afro-funk,-9.604393529330356e-07,-0.0010407717967643865,0.00023063984476887626,0.0005801451465682333,-0.0010323007005249817,0.0004598954747545742,0
afro psych,-9.604393529330356e-07,-0.0010407717967643865,0.00023063984476887626,0.0005801451465682333,-0.0010323007005249817,0.0004598954747545742,0
british blues,0.00018694708663612302,-0.0017694077388825107,-0.0009252181362617394,0.0003794560784312907,0.001076296526408056,0.0002652707511513907,0
protopunk,0.0008375093192568743,-0.0012994528493934512,0.0013645689546631446,-0.0010094795598863426,-0.00014313439000705324,0.0002711732973059603,0
jazz guitar,-0.0004112241454602221,-0.0005367343557384497,-8.276532990418495e-05,-0.0007385547115769251,0.00013721693594068174,0.0006851315857142505,0
lafayette indie,-0.0004112241454602221,-0.0005367343557384497,-8.276532990418495e-05,-0.0007385547115769251,0.00013721693594068174,0.0006851315857142505,0
australian alternative pop,8.12789273890826e-05,-0.00023861512824640226,0.00042639204623837906,-6.861559124298158e-05,3.778354634035765e-05,-0.0010671786021988273,0
orlando indie,0.0003903819329116707,-0.0004609693429416796,-0.00016428035387621554,0.0004894540311225719,0.0008458631543281559,0.001559651221990858,0
acid rock,0.0003903819329116707,-0.0004609693429416796,-0.00016428035387621554,0.0004894540311225719,0.0008458631543281559,0.001559651221990858,0
indy indie,8.734570222713522e-05,-0.0007604626781594439,2.019044588307258e-05,0.00015946970008854237,0.0002309506360057187,0.0003876893619475203,0
classic soundtrack,-0.00012213969442992134,-0.00047928947829512327,0.0002792557960091623,0.0005623435283484707,0.00016316338173913672,0.00044808173159363747,0
new french touch,-0.0006494021755926269,5.565699416300337e-05,0.0006303934065655358,-0.00019932531477222037,0.0003725747534436814,-0.00074937990096988,0
tropical house,-0.000264510605107847,0.00014141645956514327,0.00045665753934446803,4.032625644194535e-05,0.0004507515390784274,-0.0004984578903584908,0
deep tropical house,-0.000264510605107847,0.00014141645956514327,0.00045665753934446803,4.032625644194535e-05,0.0004507515390784274,-0.0004984578903584908,0
indie electropop,-0.0006229503862931672,0.000208055102105109,0.0009171286106462079,0.0001687368475114941,0.0008965324230139458,-0.0004339519682992541,0
detroit hip hop,-0.0024899199736650476,-0.00042175930792122553,0.002565793355723233,-0.006153941765855547,0.0016531868414475781,-9.389617692509549e-05,0
nottingham indie,-0.0003397189410790373,0.00013995056915620563,0.0003022518777258833,0.00020022984300164954,0.00023274306621047936,3.523686974879098e-05,0
rap calme,-0.00047241855707878854,-0.0002805216160267374,2.051834223170916e-05,-0.0012095599723245993,-6.630408466583411e-05,7.501076651857924e-05,0
electro house,-0.0014961276252394812,-0.0004317500279428614,0.0006275107870652302,-0.0021741112861017025,0.000526735564418567,-0.000756970859367703,0
pop urbaine,-0.0017047873343657332,-0.0005351841642984236,0.0006122400958968227,-0.0017910549670784551,-0.0003088614162646571,-0.0016707281585590596,0
boston hip hop,-0.0014737730667612114,-0.0006461708558154864,-6.727287357229861e-06,-0.0030897515539964507,0.0001060749479767174,-0.00024563373928496954,0
latin pop,-0.0005955891516523314,-0.00024787772424338225,0.0002646903023230658,-0.002210276321892477,0.0005209379270372717,0.000277761370237243,0
puerto rican pop,-0.0005955891516523314,-0.00024787772424338225,0.0002646903023230658,-0.002210276321892477,0.0005209379270372717,0.000277761370237243,0
g-house,8.103540132250274e-05,-0.00012646159421936948,0.0009777293139251163,-0.0005921570466207553,0.00021067750887876458,0.000683686312320527,0
belgian pop,8.103540132250274e-05,-0.00012646159421936948,0.0009777293139251163,-0.0005921570466207553,0.00021067750887876458,0.000683686312320527,0
rochester ny indie,-4.111780154305921e-05,0.00029934438183610017,0.0011064724150453712,0.00048760681105165527,0.0005151625820554016,-0.0009471567075534761,0
trap soul,-0.0021513561368943605,-0.0008858581138553246,0.0003047633581796057,-0.004236051001890804,0.0006748672245649051,-0.0006852016297549763,0
plugg,-0.0004708297676880952,-0.00015884159573320618,-6.0039496202343976e-05,-0.0006156960476500693,-4.0586556257644785e-05,-0.00033408188952635087,0
grime,-0.0004708297676880952,-0.00015884159573320618,-6.0039496202343976e-05,-0.0006156960476500693,-4.0586556257644785e-05,-0.00033408188952635087,0
icelandic electronic,-0.00029467997591232497,-6.207220697425692e-05,0.00061888119852592,0.00021161108177938868,-0.0003334638824657074,-0.0004126070768515983,0
nu jazz,-0.00029467997591232497,-6.207220697425692e-05,0.00061888119852592,0.00021161108177938868,-0.0003334638824657074,-0.0004126070768515983,0
rap inde,-0.0005202793864746276,-0.00019713371359174133,1.881585761741608e-05,-0.001123367945767753,0.00013997963425749373,-0.00020488916792230124,0
teen pop,-0.0007918401073538333,-0.00013753814779166477,0.00037131628077494415,-7.591194072016646e-05,0.0003238116130254702,-0.0012747719024433926,0
rap conscient,-0.0007120893908123174,-5.752883467994457e-05,0.0005729058960476972,0.0005418729510138972,-0.00038253696585631707,-0.0015408497571553366,0
r&b francais,-0.0007120893908123174,-5.752883467994457e-05,0.0005729058960476972,0.0005418729510138972,-0.00038253696585631707,-0.0015408497571553366,0
instrumental math rock,0.00015193957816435246,-2.4840494357389778e-05,0.0006878482510250301,-0.0002533198409078846,-0.0004341324768251589,0.0005554497133355572,0
nu metal,0.00015193957816435246,-2.4840494357389778e-05,0.0006878482510250301,-0.0002533198409078846,-0.0004341324768251589,0.0005554497133355572,0
stockholm indie,1.1090741549015848e-06,0.00014252419373695892,0.0003863427065717977,6.571727423042367e-05,-0.00048516900424911796,-0.0007787623258008599,0
swedish psychedelic rock,1.1090741549015848e-06,0.00014252419373695892,0.0003863427065717977,6.571727423042367e-05,-0.00048516900424911796,-0.0007787623258008599,0
neo-kraut,1.1090741549015848e-06,0.00014252419373695892,0.0003863427065717977,6.571727423042367e-05,-0.00048516900424911796,-0.0007787623258008599,0
opm,-0.0006067466551434464,4.335843752436913e-05,0.0011277435568209228,0.0003824324985592623,0.00020719724811335525,-7.068190118487214e-06,0
nice indie,-0.0003848915704847798,-8.575946540213974e-05,0.00017373586722106815,-0.00023965157121416572,-7.817678563474605e-05,-0.0002509220106113892,0
indie pop rap,-0.00018710138948144076,-0.00019373772631812162,0.0012718919973461387,-8.581489408043172e-05,0.0009451318755947693,-0.0003789463219157837,0
uk alternative hip hop,-0.0005141460503970607,-0.0002118005374932055,-7.345939127518287e-06,-0.000922015000461701,8.257030456260295e-05,-9.771929083608662e-05,0
south carolina hip hop,-0.0005141460503970607,-0.0002118005374932055,-7.345939127518287e-06,-0.000922015000461701,8.257030456260295e-05,-9.771929083608662e-05,0
modern hard rock,-0.000362833531343862,-0.00015278681085573986,1.0832380909458068e-05,-5.39933314643425e-05,-0.000464993477768261,-0.0002980913502531692,0
complextro,0.00014289467724423914,0.0002834888590938683,0.0014052851571366382,-8.833431737353678e-05,-0.0003673022823580832,-0.0012126733542379097,0
stomp and whittle,0.00014289467724423914,0.0002834888590938683,0.0014052851571366382,-8.833431737353678e-05,-0.0003673022823580832,-0.0012126733542379097,0
polish electronica,-0.00016606432492563794,-0.00012896391750162584,0.00032885335505502373,-0.00013894525984227426,-0.0001951269006382833,0.00011338253868475778,0
pop ambient,-0.00016606432492563794,-0.00012896391750162584,0.00032885335505502373,-0.00013894525984227426,-0.0001951269006382833,0.00011338253868475778,0
organic electronic,-0.00016606432492563794,-0.00012896391750162584,0.00032885335505502373,-0.00013894525984227426,-0.0001951269006382833,0.00011338253868475778,0
soundtrack,-0.00016606432492563794,-0.00012896391750162584,0.00032885335505502373,-0.00013894525984227426,-0.0001951269006382833,0.00011338253868475778,0
soul flow,-0.0005499194530154952,-0.0002072303740148901,6.791455907470446e-05,-0.0015609434191914378,0.00031906752430110825,0.000346114094934903,0
deep underground hip hop,-0.0005499194530154952,-0.0002072303740148901,6.791455907470446e-05,-0.0015609434191914378,0.00031906752430110825,0.000346114094934903,0
dutch indie rock,-0.00040874401390126485,-0.0001214752056776488,-8.986928548722463e-05,-0.00017737185885995576,-0.00026396804360741293,-0.0004986603024589922,0
dutch indie,-0.00040874401390126485,-0.0001214752056776488,-8.986928548722463e-05,-0.00017737185885995576,-0.00026396804360741293,-0.0004986603024589922,0
anthem emo,-0.0004989077179244172,-0.00020818470258320598,-2.9488537944292897e-05,-0.0011444416936504068,3.950393867827296e-05,7.904961261037745e-05,0
easycore,-0.0004989077179244172,-0.00020818470258320598,-2.9488537944292897e-05,-0.0011444416936504068,3.950393867827296e-05,7.904961261037745e-05,0
hawaiian hip hop,-0.0003375904000988191,-7.003818961870071e-05,0.0004253495314133834,-0.001226405069391227,0.00012567362779664898,-0.00023801162070040684,0
instrumental post-rock,-0.00012866809952417584,-0.00038413829500952523,-9.81676126046721e-05,-0.0001568053919802459,-0.00022754015962847296,-0.0012462183397767797,0
drone metal,-0.00012866809952417584,-0.00038413829500952523,-9.81676126046721e-05,-0.0001568053919802459,-0.00022754015962847296,-0.0012462183397767797,0
doomgaze,-0.00012866809952417584,-0.00038413829500952523,-9.81676126046721e-05,-0.0001568053919802459,-0.00022754015962847296,-0.0012462183397767797,0
american post-rock,-0.00012866809952417584,-0.00038413829500952523,-9.81676126046721e-05,-0.0001568053919802459,-0.00022754015962847296,-0.0012462183397767797,0
ambient post-rock,-0.00012866809952417584,-0.00038413829500952523,-9.81676126046721e-05,-0.0001568053919802459,-0.00022754015962847296,-0.0012462183397767797,0
neo-singer-songwriter,-0.00012866809952417584,-0.00038413829500952523,-9.81676126046721e-05,-0.0001568053919802459,-0.00022754015962847296,-0.0012462183397767797,0
japanese chillhop,-0.00013342347650842964,-5.30956589763228e-05,0.00037452594450054376,-0.00021150935217459566,0.00039958382585694805,0.00081049262887195,0
indie emo,-0.00035843978118532015,6.663864253996585e-05,0.00046047107130174007,0.00012841059106954858,0.0004457808839355183,6.450592205923648e-05,0
electronic trap,-0.0008450823388873787,-2.550643842587962e-05,0.0009403878625602749,-0.00012068754846542393,0.0008439937215758147,-0.00020273483383136118,0
progressive electro house,-0.0004750319313671354,-4.654934391503179e-05,0.00037649704945586475,-0.00021988243301202776,0.00037780538048534196,-0.0005591243794766091,0
classic girl group,-0.0006533270676316042,-0.0003590419627596486,0.0004605992525286163,-0.0015713996076571844,0.000687917620817389,-0.00014724800098451328,0
dalarna indie,-0.00030493199213791326,-0.00018105660196034618,-1.9716612877786145e-05,2.3651823234409296e-05,-9.147515671285337e-05,-0.0009984773662381362,0
swedish garage rock,-0.00030493199213791326,-0.00018105660196034618,-1.9716612877786145e-05,2.3651823234409296e-05,-9.147515671285337e-05,-0.0009984773662381362,0
dmv rap,-0.0001629171428234448,0.00020577942538001377,0.0008503257443735973,0.0002984640225528301,0.0012723369266440401,0.001849979549004607,0
malaysian pop,-0.00035838838692144477,-0.00020954668897843026,-0.00016135587251570648,-0.00010761457504214936,2.4832380525492815e-05,-0.0008964000130348452,0
